Nome,url,Data Criacao,Data de Atualizacao,Total de releases,Linguagem,Idade,Tempo de Atualizacao em dias
openai/baselines,https://github.com/openai/baselines,2020-04-02,2020-04-02T02:07:08Z,0,Python,2,1
joke2k/faker,https://github.com/joke2k/faker,2020-04-02,2020-04-02T02:37:45Z,5,Python,7,1
getpelican/pelican,https://github.com/getpelican/pelican,2020-04-01,2020-04-01T23:28:20Z,9,Python,9,0
chiphuyen/stanford-tensorflow-tutorials,https://github.com/chiphuyen/stanford-tensorflow-tutorials,2020-04-01,2020-04-01T21:23:45Z,1,Python,3,0
meolu/walle-web,https://github.com/meolu/walle-web,2020-04-02,2020-04-02T02:50:04Z,20,Python,4,1
sivel/speedtest-cli,https://github.com/sivel/speedtest-cli,2020-04-02,2020-04-02T02:48:07Z,21,Python,7,1
aio-libs/aiohttp,https://github.com/aio-libs/aiohttp,2020-04-01,2020-04-01T19:56:50Z,119,Python,6,0
mkdocs/mkdocs,https://github.com/mkdocs/mkdocs,2020-04-02,2020-04-02T00:29:52Z,0,Python,6,1
aws/aws-cli,https://github.com/aws/aws-cli,2020-04-01,2020-04-01T23:48:22Z,1,Python,7,0
tflearn/tflearn,https://github.com/tflearn/tflearn,2020-04-01,2020-04-01T21:27:34Z,7,Python,4,0
alexjc/neural-doodle,https://github.com/alexjc/neural-doodle,2020-04-01,2020-04-01T18:14:28Z,1,Python,4,0
codelucas/newspaper,https://github.com/codelucas/newspaper,2020-04-01,2020-04-01T16:44:07Z,2,Python,6,0
jhao104/proxy_pool,https://github.com/jhao104/proxy_pool,2020-04-02,2020-04-02T02:10:27Z,0,Python,3,1
beetbox/beets,https://github.com/beetbox/beets,2020-04-01,2020-04-01T22:12:21Z,31,Python,9,0
NVlabs/stylegan,https://github.com/NVlabs/stylegan,2020-04-02,2020-04-02T02:38:31Z,0,Python,1,1
deeppomf/DeepCreamPy,https://github.com/deeppomf/DeepCreamPy,2020-04-01,2020-04-01T21:54:35Z,11,Python,2,0
waditu/tushare,https://github.com/waditu/tushare,2020-04-01,2020-04-01T12:53:54Z,1,Python,5,0
Theano/Theano,https://github.com/Theano/Theano,2020-04-02,2020-04-02T02:21:31Z,0,Python,8,1
pallets/click,https://github.com/pallets/click,2020-04-02,2020-04-02T00:35:52Z,2,Python,5,1
Rochester-NRT/RocAlphaGo,https://github.com/Rochester-NRT/RocAlphaGo,2020-04-01,2020-04-01T23:30:29Z,0,Python,4,0
apenwarr/sshuttle,https://github.com/apenwarr/sshuttle,2020-03-31,2020-03-31T23:47:43Z,0,Python,9,1
mail-in-a-box/mailinabox,https://github.com/mail-in-a-box/mailinabox,2020-04-01,2020-04-01T16:53:28Z,10,Python,6,0
facebookresearch/detectron2,https://github.com/facebookresearch/detectron2,2020-04-02,2020-04-02T02:28:05Z,2,Python,0,1
open-mmlab/mmdetection,https://github.com/open-mmlab/mmdetection,2020-04-01,2020-04-01T23:52:31Z,0,Python,1,0
lengstrom/fast-style-transfer,https://github.com/lengstrom/fast-style-transfer,2020-04-01,2020-04-01T22:50:21Z,0,Python,3,0
horovod/horovod,https://github.com/horovod/horovod,2020-04-02,2020-04-02T00:25:40Z,1,Python,2,1
nltk/nltk,https://github.com/nltk/nltk,2020-04-02,2020-04-02T01:34:57Z,0,Python,10,1
wifiphisher/wifiphisher,https://github.com/wifiphisher/wifiphisher,2020-04-02,2020-04-02T00:50:53Z,4,Python,5,1
nbedos/termtosvg,https://github.com/nbedos/termtosvg,2020-04-01,2020-04-01T21:50:54Z,12,Python,1,0
chriskiehl/Gooey,https://github.com/chriskiehl/Gooey,2020-04-02,2020-04-02T02:25:25Z,1,Python,6,1
kovidgoyal/kitty,https://github.com/kovidgoyal/kitty,2020-04-02,2020-04-02T01:16:29Z,54,Python,3,1
USTC-Resource/USTC-Course,https://github.com/USTC-Resource/USTC-Course,2020-04-02,2020-04-02T01:58:20Z,0,Python,1,1
postmanlabs/httpbin,https://github.com/postmanlabs/httpbin,2020-04-02,2020-04-02T02:25:13Z,4,Python,8,1
dbcli/pgcli,https://github.com/dbcli/pgcli,2020-04-01,2020-04-01T16:48:39Z,0,Python,5,0
wagtail/wagtail,https://github.com/wagtail/wagtail,2020-04-01,2020-04-01T14:04:09Z,114,Python,6,0
dbcli/mycli,https://github.com/dbcli/mycli,2020-03-31,2020-03-31T18:45:04Z,0,Python,4,1
pyecharts/pyecharts,https://github.com/pyecharts/pyecharts,2020-04-01,2020-04-01T16:26:54Z,0,Python,2,0
ddbourgin/numpy-ml,https://github.com/ddbourgin/numpy-ml,2020-04-01,2020-04-01T18:26:22Z,0,Python,0,0
aleju/imgaug,https://github.com/aleju/imgaug,2020-04-02,2020-04-02T02:20:06Z,3,Python,4,1
andymccurdy/redis-py,https://github.com/andymccurdy/redis-py,2020-04-01,2020-04-01T04:56:09Z,0,Python,10,0
flairNLP/flair,https://github.com/flairNLP/flair,2020-04-02,2020-04-02T01:26:28Z,11,Python,1,1
ShangtongZhang/reinforcement-learning-an-introduction,https://github.com/ShangtongZhang/reinforcement-learning-an-introduction,2020-04-01,2020-04-01T23:56:33Z,0,Python,3,0
Eloston/ungoogled-chromium,https://github.com/Eloston/ungoogled-chromium,2020-04-02,2020-04-02T01:40:56Z,26,Python,4,1
deepmind/sonnet,https://github.com/deepmind/sonnet,2020-04-01,2020-04-01T13:28:03Z,2,Python,2,0
allenai/allennlp,https://github.com/allenai/allennlp,2020-04-01,2020-04-01T19:40:59Z,22,Python,2,0
darknessomi/musicbox,https://github.com/darknessomi/musicbox,2020-04-02,2020-04-02T02:49:42Z,10,Python,5,1
python/mypy,https://github.com/python/mypy,2020-04-02,2020-04-02T01:26:44Z,0,Python,7,1
facebook/chisel,https://github.com/facebook/chisel,2020-04-01,2020-04-01T20:57:10Z,10,Python,6,0
hindupuravinash/the-gan-zoo,https://github.com/hindupuravinash/the-gan-zoo,2020-04-02,2020-04-02T01:46:16Z,0,Python,2,1
mailpile/Mailpile,https://github.com/mailpile/Mailpile,2020-04-01,2020-04-01T18:07:47Z,8,Python,8,0
RasaHQ/rasa,https://github.com/RasaHQ/rasa,2020-04-01,2020-04-01T18:16:07Z,22,Python,3,0
Unity-Technologies/ml-agents,https://github.com/Unity-Technologies/ml-agents,2020-04-01,2020-04-01T22:19:23Z,40,Python,2,0
rushter/MLAlgorithms,https://github.com/rushter/MLAlgorithms,2020-04-01,2020-04-01T20:58:07Z,0,Python,3,0
asciinema/asciinema,https://github.com/asciinema/asciinema,2020-04-01,2020-04-01T13:25:41Z,12,Python,8,0
h2y/Shadowrocket-ADBlock-Rules,https://github.com/h2y/Shadowrocket-ADBlock-Rules,2020-04-02,2020-04-02T02:36:32Z,0,Python,3,1
donnemartin/awesome-aws,https://github.com/donnemartin/awesome-aws,2020-04-01,2020-04-01T21:00:57Z,1,Python,4,0
idank/explainshell,https://github.com/idank/explainshell,2020-04-01,2020-04-01T18:00:20Z,0,Python,6,0
MorvanZhou/tutorials,https://github.com/MorvanZhou/tutorials,2020-04-01,2020-04-01T16:20:02Z,0,Python,3,0
threat9/routersploit,https://github.com/threat9/routersploit,2020-04-01,2020-04-01T12:23:47Z,10,Python,4,0
gleitz/howdoi,https://github.com/gleitz/howdoi,2020-04-01,2020-04-01T09:56:18Z,0,Python,7,0
eeeeeeeeeeeeeeeeeeeeeeeeeeeeeeee/eeeeeeeeeeeeeeeeeeeeeeeeeeeeeeeeeeeeeeeeeeeeeeeeeeeeeeeeeeeeeeeeeeeeeeeeeeeeeeeeeeeeeeeeeeeeeeeeeeee,https://github.com/eeeeeeeeeeeeeeeeeeeeeeeeeeeeeeee/eeeeeeeeeeeeeeeeeeeeeeeeeeeeeeeeeeeeeeeeeeeeeeeeeeeeeeeeeeeeeeeeeeeeeeeeeeeeeeeeeeeeeeeeeeeeeeeeeeee,2020-04-01,2020-04-01T17:08:37Z,0,Python,1,0
s0md3v/XSStrike,https://github.com/s0md3v/XSStrike,2020-04-02,2020-04-02T00:58:42Z,14,Python,2,1
coursera-dl/coursera-dl,https://github.com/coursera-dl/coursera-dl,2020-04-01,2020-04-01T15:50:38Z,0,Python,8,0
eliangcs/http-prompt,https://github.com/eliangcs/http-prompt,2020-04-01,2020-04-01T15:14:52Z,15,Python,3,0
scrapinghub/portia,https://github.com/scrapinghub/portia,2020-04-01,2020-04-01T16:42:30Z,1,Python,6,0
falconry/falcon,https://github.com/falconry/falcon,2020-04-01,2020-04-01T18:11:16Z,0,Python,7,0
dragen1860/Deep-Learning-with-TensorFlow-book,https://github.com/dragen1860/Deep-Learning-with-TensorFlow-book,2020-04-01,2020-04-01T15:14:45Z,0,Python,0,0
thumbor/thumbor,https://github.com/thumbor/thumbor,2020-04-01,2020-04-01T21:57:30Z,93,Python,9,0
google/jax,https://github.com/google/jax,2020-04-02,2020-04-02T02:10:13Z,0,Python,1,1
zalandoresearch/fashion-mnist,https://github.com/zalandoresearch/fashion-mnist,2020-04-02,2020-04-02T01:43:26Z,0,Python,2,1
lauris/awesome-scala,https://github.com/lauris/awesome-scala,2020-04-01,2020-04-01T13:28:36Z,0,Python,5,0
coleifer/peewee,https://github.com/coleifer/peewee,2020-04-02,2020-04-02T00:56:03Z,113,Python,9,1
kovidgoyal/calibre,https://github.com/kovidgoyal/calibre,2020-04-02,2020-04-02T02:19:06Z,178,Python,6,1
harelba/q,https://github.com/harelba/q,2020-04-01,2020-04-01T17:35:45Z,10,Python,8,0
divio/django-cms,https://github.com/divio/django-cms,2020-04-01,2020-04-01T13:25:00Z,0,Python,11,0
facebookresearch/maskrcnn-benchmark,https://github.com/facebookresearch/maskrcnn-benchmark,2020-04-01,2020-04-01T13:19:44Z,1,Python,1,0
clips/pattern,https://github.com/clips/pattern,2020-04-01,2020-04-01T18:17:04Z,0,Python,8,0
pytorch/fairseq,https://github.com/pytorch/fairseq,2020-04-02,2020-04-02T00:55:13Z,10,Python,2,1
ranger/ranger,https://github.com/ranger/ranger,2020-04-02,2020-04-02T01:33:05Z,0,Python,10,1
NVIDIA/vid2vid,https://github.com/NVIDIA/vid2vid,2020-04-02,2020-04-02T01:52:53Z,0,Python,1,1
sfyc23/EverydayWechat,https://github.com/sfyc23/EverydayWechat,2020-04-02,2020-04-02T02:00:56Z,0,Python,1,1
apprenticeharper/DeDRM_tools,https://github.com/apprenticeharper/DeDRM_tools,2020-04-02,2020-04-02T01:34:22Z,76,Python,5,1
openai/universe,https://github.com/openai/universe,2020-03-31,2020-03-31T19:33:49Z,2,Python,3,1
python-pillow/Pillow,https://github.com/python-pillow/Pillow,2020-04-01,2020-04-01T20:28:04Z,29,Python,7,0
facebookresearch/visdom,https://github.com/facebookresearch/visdom,2020-04-02,2020-04-02T01:58:18Z,2,Python,3,1
dbader/schedule,https://github.com/dbader/schedule,2020-04-01,2020-04-01T13:25:40Z,0,Python,6,0
hanxiao/bert-as-service,https://github.com/hanxiao/bert-as-service,2020-04-02,2020-04-02T02:42:23Z,10,Python,1,1
sylnsfar/qrcode,https://github.com/sylnsfar/qrcode,2020-04-01,2020-04-01T21:37:13Z,0,Python,3,0
samshadwell/TrumpScript,https://github.com/samshadwell/TrumpScript,2020-04-01,2020-04-01T13:29:57Z,0,Python,4,0
rusty1s/pytorch_geometric,https://github.com/rusty1s/pytorch_geometric,2020-04-02,2020-04-02T02:42:10Z,18,Python,2,1
mirumee/saleor,https://github.com/mirumee/saleor,2020-04-02,2020-04-02T02:24:11Z,30,Python,7,1
networkx/networkx,https://github.com/networkx/networkx,2020-04-01,2020-04-01T14:10:34Z,24,Python,9,0
programthink/zhao,https://github.com/programthink/zhao,2020-04-01,2020-04-01T21:46:52Z,0,Python,4,0
docopt/docopt,https://github.com/docopt/docopt,2020-04-01,2020-04-01T16:20:21Z,0,Python,7,0
mwaskom/seaborn,https://github.com/mwaskom/seaborn,2020-04-02,2020-04-02T00:42:19Z,17,Python,7,1
scipy/scipy,https://github.com/scipy/scipy,2020-04-02,2020-04-02T00:44:22Z,40,Python,9,1
pallets/jinja,https://github.com/pallets/jinja,2020-04-01,2020-04-01T22:13:19Z,6,Python,9,0
shengqiangzhang/examples-of-web-crawlers,https://github.com/shengqiangzhang/examples-of-web-crawlers,2020-04-02,2020-04-02T02:25:50Z,0,Python,1,1
pwxcoo/chinese-xinhua,https://github.com/pwxcoo/chinese-xinhua,2020-04-02,2020-04-02T01:57:53Z,0,Python,2,1
sloria/TextBlob,https://github.com/sloria/TextBlob,2020-04-01,2020-04-01T18:05:27Z,3,Python,6,0
EpistasisLab/tpot,https://github.com/EpistasisLab/tpot,2020-04-01,2020-04-01T14:46:39Z,17,Python,4,0
Embedding/Chinese-Word-Vectors,https://github.com/Embedding/Chinese-Word-Vectors,2020-04-02,2020-04-02T02:09:06Z,0,Python,2,1
amueller/word_cloud,https://github.com/amueller/word_cloud,2020-04-01,2020-04-01T20:53:21Z,2,Python,7,0
rq/rq,https://github.com/rq/rq,2020-04-01,2020-04-01T16:27:50Z,4,Python,8,0
awslabs/serverless-application-model,https://github.com/awslabs/serverless-application-model,2020-04-02,2020-04-02T01:40:54Z,28,Python,3,1
sympy/sympy,https://github.com/sympy/sympy,2020-04-02,2020-04-02T00:01:23Z,25,Python,9,1
keras-team/autokeras,https://github.com/keras-team/autokeras,2020-04-01,2020-04-01T16:12:14Z,36,Python,2,0
wangshub/Douyin-Bot,https://github.com/wangshub/Douyin-Bot,2020-04-01,2020-04-01T17:10:44Z,0,Python,1,0
donnemartin/gitsome,https://github.com/donnemartin/gitsome,2020-04-01,2020-04-01T00:27:26Z,5,Python,3,0
deepmind/pysc2,https://github.com/deepmind/pysc2,2020-04-02,2020-04-02T02:50:05Z,5,Python,2,1
Yorko/mlcourse.ai,https://github.com/Yorko/mlcourse.ai,2020-04-01,2020-04-01T20:33:28Z,0,Python,3,0
bottlepy/bottle,https://github.com/bottlepy/bottle,2020-04-01,2020-04-01T22:09:09Z,0,Python,10,0
MagicStack/uvloop,https://github.com/MagicStack/uvloop,2020-04-01,2020-04-01T13:29:40Z,56,Python,4,0
seatgeek/fuzzywuzzy,https://github.com/seatgeek/fuzzywuzzy,2020-04-01,2020-04-01T22:01:29Z,23,Python,8,0
eriklindernoren/Keras-GAN,https://github.com/eriklindernoren/Keras-GAN,2020-04-02,2020-04-02T00:13:39Z,0,Python,2,1
rbgirshick/py-faster-rcnn,https://github.com/rbgirshick/py-faster-rcnn,2020-04-01,2020-04-01T22:16:00Z,0,Python,4,0
benoitc/gunicorn,https://github.com/benoitc/gunicorn,2020-04-01,2020-04-01T23:29:55Z,25,Python,10,0
Urinx/WeixinBot,https://github.com/Urinx/WeixinBot,2020-04-02,2020-04-02T02:39:54Z,0,Python,4,1
tweepy/tweepy,https://github.com/tweepy/tweepy,2020-04-01,2020-04-01T09:24:49Z,11,Python,10,0
Yelp/elastalert,https://github.com/Yelp/elastalert,2020-04-02,2020-04-02T01:00:57Z,1,Python,5,1
aws/chalice,https://github.com/aws/chalice,2020-04-01,2020-04-01T20:49:08Z,0,Python,3,0
uber/ludwig,https://github.com/uber/ludwig,2020-04-02,2020-04-02T02:37:21Z,6,Python,1,1
hardikvasa/google-images-download,https://github.com/hardikvasa/google-images-download,2020-04-01,2020-04-01T16:22:41Z,0,Python,5,0
pyinstaller/pyinstaller,https://github.com/pyinstaller/pyinstaller,2020-04-01,2020-04-01T22:44:40Z,24,Python,8,0
larsenwork/monoid,https://github.com/larsenwork/monoid,2020-04-01,2020-04-01T16:29:59Z,0,Python,5,0
vipstone/faceai,https://github.com/vipstone/faceai,2020-04-01,2020-04-01T14:10:56Z,0,Python,1,0
dask/dask,https://github.com/dask/dask,2020-04-01,2020-04-01T19:33:35Z,0,Python,5,0
p-e-w/maybe,https://github.com/p-e-w/maybe,2020-03-30,2020-03-30T13:48:35Z,5,Python,4,2
pydanny/cookiecutter-django,https://github.com/pydanny/cookiecutter-django,2020-04-01,2020-04-01T17:48:35Z,8,Python,6,0
boto/boto,https://github.com/boto/boto,2020-03-28,2020-03-28T01:28:00Z,0,Python,9,4
s0md3v/Photon,https://github.com/s0md3v/Photon,2020-04-01,2020-04-01T10:39:54Z,18,Python,2,0
mopidy/mopidy,https://github.com/mopidy/mopidy,2020-04-01,2020-04-01T21:47:10Z,8,Python,10,0
Cadene/pretrained-models.pytorch,https://github.com/Cadene/pretrained-models.pytorch,2020-04-02,2020-04-02T02:41:11Z,0,Python,2,1
miguelgrinberg/flasky,https://github.com/miguelgrinberg/flasky,2020-04-01,2020-04-01T10:49:20Z,0,Python,6,0
Gallopsled/pwntools,https://github.com/Gallopsled/pwntools,2020-04-02,2020-04-02T00:43:17Z,37,Python,6,1
deepinsight/insightface,https://github.com/deepinsight/insightface,2020-04-01,2020-04-01T12:47:05Z,0,Python,2,0
Zulko/moviepy,https://github.com/Zulko/moviepy,2020-04-01,2020-04-01T18:09:10Z,11,Python,6,0
yandex/gixy,https://github.com/yandex/gixy,2020-04-01,2020-04-01T03:32:27Z,9,Python,3,0
plotly/plotly.py,https://github.com/plotly/plotly.py,2020-04-02,2020-04-02T02:12:32Z,37,Python,6,1
machinelearningmindset/machine-learning-course,https://github.com/machinelearningmindset/machine-learning-course,2020-04-01,2020-04-01T04:51:22Z,1,Python,1,0
netbox-community/netbox,https://github.com/netbox-community/netbox,2020-04-01,2020-04-01T23:31:48Z,135,Python,4,0
asciimoo/searx,https://github.com/asciimoo/searx,2020-04-01,2020-04-01T18:34:11Z,11,Python,6,0
cyrus-and/gdb-dashboard,https://github.com/cyrus-and/gdb-dashboard,2020-04-02,2020-04-02T00:43:24Z,0,Python,4,1
30-seconds/30-seconds-of-python,https://github.com/30-seconds/30-seconds-of-python,2020-04-01,2020-04-01T13:46:35Z,0,Python,2,0
schollz/howmanypeoplearearound,https://github.com/schollz/howmanypeoplearearound,2020-04-01,2020-04-01T20:31:25Z,1,Python,2,0
nodejs/node-gyp,https://github.com/nodejs/node-gyp,2020-04-02,2020-04-02T02:38:51Z,0,Python,8,1
kennethreitz-archive/records,https://github.com/kennethreitz-archive/records,2020-04-01,2020-04-01T13:16:21Z,0,Python,5,0
mlflow/mlflow,https://github.com/mlflow/mlflow,2020-04-02,2020-04-02T01:07:27Z,26,Python,1,1
pirate/ArchiveBox,https://github.com/pirate/ArchiveBox,2020-04-02,2020-04-02T00:10:00Z,9,Python,2,1
bup/bup,https://github.com/bup/bup,2020-04-01,2020-04-01T18:04:40Z,0,Python,7,0
pypa/pip,https://github.com/pypa/pip,2020-04-02,2020-04-02T02:44:54Z,0,Python,9,1
tgalal/yowsup,https://github.com/tgalal/yowsup,2020-04-01,2020-04-01T21:45:30Z,15,Python,7,0
hugapi/hug,https://github.com/hugapi/hug,2020-04-02,2020-04-02T00:41:45Z,13,Python,4,1
prompt-toolkit/python-prompt-toolkit,https://github.com/prompt-toolkit/python-prompt-toolkit,2020-04-01,2020-04-01T23:40:50Z,0,Python,6,0
fchollet/deep-learning-models,https://github.com/fchollet/deep-learning-models,2020-04-02,2020-04-02T02:20:12Z,8,Python,3,1
lanpa/tensorboardX,https://github.com/lanpa/tensorboardX,2020-03-31,2020-03-31T10:16:23Z,9,Python,2,1
The-Art-of-Hacking/h4cker,https://github.com/The-Art-of-Hacking/h4cker,2020-04-01,2020-04-01T23:39:15Z,0,Python,2,0
paramiko/paramiko,https://github.com/paramiko/paramiko,2020-04-01,2020-04-01T23:40:17Z,0,Python,11,0
bbfamily/abu,https://github.com/bbfamily/abu,2020-04-01,2020-04-01T14:18:30Z,1,Python,3,0
deis/deis,https://github.com/deis/deis,2020-04-01,2020-04-01T13:26:47Z,66,Python,6,0
ankitects/anki,https://github.com/ankitects/anki,2020-04-02,2020-04-02T01:44:30Z,6,Python,7,1
luyishisi/Anti-Anti-Spider,https://github.com/luyishisi/Anti-Anti-Spider,2020-04-02,2020-04-02T02:46:54Z,0,Python,3,1
pyro-ppl/pyro,https://github.com/pyro-ppl/pyro,2020-04-01,2020-04-01T20:46:58Z,19,Python,2,0
numenta/nupic,https://github.com/numenta/nupic,2020-04-01,2020-04-01T21:58:14Z,47,Python,6,0
pyeve/eve,https://github.com/pyeve/eve,2020-04-02,2020-04-02T01:29:31Z,0,Python,7,1
giampaolo/psutil,https://github.com/giampaolo/psutil,2020-04-01,2020-04-01T21:12:58Z,0,Python,5,0
Supervisor/supervisor,https://github.com/Supervisor/supervisor,2020-04-01,2020-04-01T22:05:07Z,0,Python,9,0
mps-youtube/mps-youtube,https://github.com/mps-youtube/mps-youtube,2020-04-02,2020-04-02T01:29:20Z,27,Python,6,1
brightmart/text_classification,https://github.com/brightmart/text_classification,2020-04-01,2020-04-01T13:12:24Z,0,Python,2,0
crsmithdev/arrow,https://github.com/crsmithdev/arrow,2020-04-01,2020-04-01T22:21:51Z,29,Python,7,0
tensorlayer/tensorlayer,https://github.com/tensorlayer/tensorlayer,2020-04-02,2020-04-02T01:25:28Z,72,Python,3,1
microsoft/botframework-sdk,https://github.com/microsoft/botframework-sdk,2020-04-01,2020-04-01T23:18:02Z,75,Python,4,0
ajenti/ajenti,https://github.com/ajenti/ajenti,2020-04-01,2020-04-01T21:44:09Z,16,Python,10,0
wiseodd/generative-models,https://github.com/wiseodd/generative-models,2020-04-02,2020-04-02T00:59:09Z,0,Python,3,1
microsoft/c9-python-getting-started,https://github.com/microsoft/c9-python-getting-started,2020-04-01,2020-04-01T07:18:18Z,0,Python,0,0
ReFirmLabs/binwalk,https://github.com/ReFirmLabs/binwalk,2020-04-02,2020-04-02T01:24:21Z,4,Python,6,1
frappe/erpnext,https://github.com/frappe/erpnext,2020-04-02,2020-04-02T00:33:59Z,848,Python,8,1
kivy/python-for-android,https://github.com/kivy/python-for-android,2020-04-01,2020-04-01T22:20:56Z,7,Python,8,0
eriklindernoren/PyTorch-GAN,https://github.com/eriklindernoren/PyTorch-GAN,2020-04-02,2020-04-02T02:35:59Z,0,Python,1,1
Hironsan/BossSensor,https://github.com/Hironsan/BossSensor,2020-03-31,2020-03-31T14:28:46Z,0,Python,3,1
jazzband/django-debug-toolbar,https://github.com/jazzband/django-debug-toolbar,2020-03-31,2020-03-31T15:40:04Z,2,Python,11,1
Delgan/loguru,https://github.com/Delgan/loguru,2020-04-01,2020-04-01T19:47:41Z,13,Python,2,0
PyMySQL/PyMySQL,https://github.com/PyMySQL/PyMySQL,2020-04-01,2020-04-01T09:33:35Z,0,Python,8,0
newsapps/beeswithmachineguns,https://github.com/newsapps/beeswithmachineguns,2020-04-02,2020-04-02T00:23:09Z,0,Python,9,1
crazyguitar/pysheeet,https://github.com/crazyguitar/pysheeet,2020-04-01,2020-04-01T21:27:35Z,0,Python,4,0
facebookresearch/pytext,https://github.com/facebookresearch/pytext,2020-04-01,2020-04-01T23:05:39Z,7,Python,1,0
readthedocs/readthedocs.org,https://github.com/readthedocs/readthedocs.org,2020-04-02,2020-04-02T00:11:38Z,0,Python,9,1
lebinh/ngxtop,https://github.com/lebinh/ngxtop,2020-04-01,2020-04-01T00:40:09Z,1,Python,6,0
MobSF/Mobile-Security-Framework-MobSF,https://github.com/MobSF/Mobile-Security-Framework-MobSF,2020-04-02,2020-04-02T00:28:38Z,30,Python,5,1
matrix-org/synapse,https://github.com/matrix-org/synapse,2020-04-01,2020-04-01T21:50:32Z,250,Python,5,0
pytest-dev/pytest,https://github.com/pytest-dev/pytest,2020-04-02,2020-04-02T02:31:13Z,23,Python,4,1
NVlabs/SPADE,https://github.com/NVlabs/SPADE,2020-04-02,2020-04-02T00:31:05Z,0,Python,1,1
taobao/nginx-book,https://github.com/taobao/nginx-book,2020-04-01,2020-04-01T16:25:06Z,0,Python,7,0
axi0mX/ipwndfu,https://github.com/axi0mX/ipwndfu,2020-04-01,2020-04-01T14:23:23Z,0,Python,2,0
microsoft/nni,https://github.com/microsoft/nni,2020-04-02,2020-04-02T02:43:31Z,20,Python,1,1
frostming/legit,https://github.com/frostming/legit,2020-04-01,2020-04-01T04:59:49Z,7,Python,8,0
yenchenlin/DeepLearningFlappyBird,https://github.com/yenchenlin/DeepLearningFlappyBird,2020-03-31,2020-03-31T08:53:57Z,0,Python,4,1
ytisf/theZoo,https://github.com/ytisf/theZoo,2020-04-02,2020-04-02T01:46:55Z,2,Python,6,1
vibora-io/vibora,https://github.com/vibora-io/vibora,2020-04-01,2020-04-01T20:17:29Z,0,Python,1,0
graphql-python/graphene,https://github.com/graphql-python/graphene,2020-04-01,2020-04-01T15:24:28Z,43,Python,4,0
jupyterhub/jupyterhub,https://github.com/jupyterhub/jupyterhub,2020-04-01,2020-04-01T19:11:21Z,0,Python,5,0
instabot-py/instabot.py,https://github.com/instabot-py/instabot.py,2020-04-01,2020-04-01T09:16:53Z,0,Python,4,0
xchaoinfo/fuck-login,https://github.com/xchaoinfo/fuck-login,2020-04-01,2020-04-01T13:30:08Z,0,Python,4,0
flask-restful/flask-restful,https://github.com/flask-restful/flask-restful,2020-04-01,2020-04-01T17:20:43Z,6,Python,7,0
samuelclay/NewsBlur,https://github.com/samuelclay/NewsBlur,2020-04-01,2020-04-01T19:22:42Z,0,Python,11,0
qqwweee/keras-yolo3,https://github.com/qqwweee/keras-yolo3,2020-04-01,2020-04-01T17:45:35Z,0,Python,1,0
awslabs/aws-shell,https://github.com/awslabs/aws-shell,2020-04-01,2020-04-01T19:52:17Z,0,Python,4,0
thtrieu/darkflow,https://github.com/thtrieu/darkflow,2020-04-01,2020-04-01T06:09:59Z,0,Python,3,0
gelstudios/gitfiti,https://github.com/gelstudios/gitfiti,2020-04-01,2020-04-01T05:11:25Z,0,Python,6,0
encode/apistar,https://github.com/encode/apistar,2020-04-01,2020-04-01T13:32:12Z,0,Python,3,0
a1studmuffin/SpaceshipGenerator,https://github.com/a1studmuffin/SpaceshipGenerator,2020-04-01,2020-04-01T20:49:11Z,3,Python,3,0
nate-parrott/Flashlight,https://github.com/nate-parrott/Flashlight,2020-03-31,2020-03-31T22:36:12Z,46,Python,5,1
n1nj4sec/pupy,https://github.com/n1nj4sec/pupy,2020-04-01,2020-04-01T11:25:27Z,1,Python,4,0
ufoym/deepo,https://github.com/ufoym/deepo,2020-04-01,2020-04-01T14:51:07Z,2,Python,2,0
rwv/chinese-dos-games,https://github.com/rwv/chinese-dos-games,2020-04-01,2020-04-01T10:21:19Z,0,Python,1,0
facebookresearch/ParlAI,https://github.com/facebookresearch/ParlAI,2020-04-01,2020-04-01T21:07:07Z,0,Python,2,0
Dman95/SASM,https://github.com/Dman95/SASM,2020-04-01,2020-04-01T06:42:19Z,22,Python,6,0
webpy/webpy,https://github.com/webpy/webpy,2020-04-01,2020-04-01T15:19:28Z,3,Python,11,0
tensorpack/tensorpack,https://github.com/tensorpack/tensorpack,2020-04-01,2020-04-01T10:47:06Z,3,Python,4,0
maxbbraun/trump2cash,https://github.com/maxbbraun/trump2cash,2020-04-01,2020-04-01T16:36:54Z,0,Python,3,0
shadowsocksr-backup/shadowsocksr,https://github.com/shadowsocksr-backup/shadowsocksr,2020-04-01,2020-04-01T19:07:09Z,0,Python,2,0
tensorflow/nmt,https://github.com/tensorflow/nmt,2020-03-31,2020-03-31T16:06:34Z,0,Python,2,1
pennersr/django-allauth,https://github.com/pennersr/django-allauth,2020-04-02,2020-04-02T02:21:59Z,0,Python,9,1
boto/boto3,https://github.com/boto/boto3,2020-04-01,2020-04-01T19:15:12Z,14,Python,5,0
chainer/chainer,https://github.com/chainer/chainer,2020-04-01,2020-04-01T05:21:58Z,102,Python,4,0
OpenMined/PySyft,https://github.com/OpenMined/PySyft,2020-04-01,2020-04-01T23:37:42Z,8,Python,2,0
spyder-ide/spyder,https://github.com/spyder-ide/spyder,2020-04-02,2020-04-02T02:38:07Z,55,Python,5,1
AlessandroZ/LaZagne,https://github.com/AlessandroZ/LaZagne,2020-04-01,2020-04-01T10:05:33Z,19,Python,5,0
qutebrowser/qutebrowser,https://github.com/qutebrowser/qutebrowser,2020-04-02,2020-04-02T00:34:34Z,59,Python,5,1
pallets/werkzeug,https://github.com/pallets/werkzeug,2020-04-01,2020-04-01T15:22:55Z,13,Python,9,0
amoffat/sh,https://github.com/amoffat/sh,2020-04-01,2020-04-01T17:30:14Z,0,Python,8,0
USArmyResearchLab/Dshell,https://github.com/USArmyResearchLab/Dshell,2020-04-01,2020-04-01T13:28:19Z,0,Python,5,0
evilsocket/opensnitch,https://github.com/evilsocket/opensnitch,2020-04-02,2020-04-02T00:33:36Z,0,Python,2,1
eastlakeside/interpy-zh,https://github.com/eastlakeside/interpy-zh,2020-04-01,2020-04-01T15:32:23Z,5,Python,4,0
SirVer/ultisnips,https://github.com/SirVer/ultisnips,2020-04-01,2020-04-01T13:25:46Z,3,Python,8,0
chrissimpkins/codeface,https://github.com/chrissimpkins/codeface,2020-04-01,2020-04-01T16:22:55Z,2,Python,4,0
detailyang/awesome-cheatsheet,https://github.com/detailyang/awesome-cheatsheet,2020-04-01,2020-04-01T14:22:28Z,0,Python,6,0
trustedsec/social-engineer-toolkit,https://github.com/trustedsec/social-engineer-toolkit,2020-04-01,2020-04-01T23:04:37Z,0,Python,7,0
yahoo/open_nsfw,https://github.com/yahoo/open_nsfw,2020-04-01,2020-04-01T00:04:31Z,0,Python,3,0
taigaio/taiga-back,https://github.com/taigaio/taiga-back,2020-04-01,2020-04-01T01:57:41Z,0,Python,7,0
zihangdai/xlnet,https://github.com/zihangdai/xlnet,2020-04-01,2020-04-01T13:54:22Z,0,Python,0,0
Manisso/fsociety,https://github.com/Manisso/fsociety,2020-04-01,2020-04-01T11:29:23Z,0,Python,3,0
hellerve/programming-talks,https://github.com/hellerve/programming-talks,2020-04-01,2020-04-01T19:09:11Z,0,Python,5,0
houtianze/bypy,https://github.com/houtianze/bypy,2020-04-01,2020-04-01T13:27:11Z,0,Python,6,0
google/seq2seq,https://github.com/google/seq2seq,2020-03-31,2020-03-31T08:54:50Z,0,Python,3,1
tangqiaoboy/iOSBlogCN,https://github.com/tangqiaoboy/iOSBlogCN,2020-04-01,2020-04-01T10:01:51Z,0,Python,6,0
apache/incubator-tvm,https://github.com/apache/incubator-tvm,2020-04-02,2020-04-02T02:44:56Z,7,Python,3,1
dennybritz/cnn-text-classification-tf,https://github.com/dennybritz/cnn-text-classification-tf,2020-04-01,2020-04-01T14:54:28Z,0,Python,4,0
b-ryan/powerline-shell,https://github.com/b-ryan/powerline-shell,2020-04-02,2020-04-02T02:25:45Z,0,Python,7,1
achael/eht-imaging,https://github.com/achael/eht-imaging,2020-04-01,2020-04-01T18:42:20Z,4,Python,4,0
anishathalye/neural-style,https://github.com/anishathalye/neural-style,2020-04-01,2020-04-01T21:09:59Z,0,Python,4,0
david-gpu/srez,https://github.com/david-gpu/srez,2020-04-01,2020-04-01T13:31:02Z,0,Python,3,0
mahmoud/boltons,https://github.com/mahmoud/boltons,2020-04-01,2020-04-01T18:08:57Z,18,Python,7,0
numba/numba,https://github.com/numba/numba,2020-04-02,2020-04-02T02:27:47Z,0,Python,8,1
sshuttle/sshuttle,https://github.com/sshuttle/sshuttle,2020-04-01,2020-04-01T15:29:04Z,0,Python,5,0
karpathy/neuraltalk,https://github.com/karpathy/neuraltalk,2020-03-30,2020-03-30T23:02:49Z,0,Python,5,2
tkarras/progressive_growing_of_gans,https://github.com/tkarras/progressive_growing_of_gans,2020-04-01,2020-04-01T12:39:20Z,0,Python,2,0
snare/voltron,https://github.com/snare/voltron,2020-03-31,2020-03-31T00:36:54Z,7,Python,6,1
gevent/gevent,https://github.com/gevent/gevent,2020-04-02,2020-04-02T02:47:48Z,21,Python,7,1
bregman-arie/devops-exercises,https://github.com/bregman-arie/devops-exercises,2020-04-02,2020-04-02T01:56:50Z,0,Python,0,1
secdev/scapy,https://github.com/secdev/scapy,2020-04-01,2020-04-01T14:46:51Z,10,Python,4,0
jwyang/faster-rcnn.pytorch,https://github.com/jwyang/faster-rcnn.pytorch,2020-04-02,2020-04-02T02:16:14Z,0,Python,2,1
altair-viz/altair,https://github.com/altair-viz/altair,2020-04-02,2020-04-02T02:46:13Z,8,Python,4,1
cython/cython,https://github.com/cython/cython,2020-04-01,2020-04-01T16:26:21Z,0,Python,9,0
SublimeCodeIntel/SublimeCodeIntel,https://github.com/SublimeCodeIntel/SublimeCodeIntel,2020-04-01,2020-04-01T07:51:12Z,0,Python,8,0
liuwons/wxBot,https://github.com/liuwons/wxBot,2020-03-31,2020-03-31T07:16:18Z,0,Python,4,1
Shougo/deoplete.nvim,https://github.com/Shougo/deoplete.nvim,2020-04-02,2020-04-02T00:04:13Z,0,Python,5,1
google/sanitizers,https://github.com/google/sanitizers,2020-04-02,2020-04-02T01:31:17Z,0,Python,5,1
MorvanZhou/Reinforcement-learning-with-tensorflow,https://github.com/MorvanZhou/Reinforcement-learning-with-tensorflow,2020-04-02,2020-04-02T01:50:14Z,0,Python,2,1
jindongwang/transferlearning,https://github.com/jindongwang/transferlearning,2020-04-01,2020-04-01T08:44:02Z,0,Python,2,0
rougier/numpy-100,https://github.com/rougier/numpy-100,2020-04-02,2020-04-02T00:31:39Z,2,Python,5,1
rushter/data-science-blogs,https://github.com/rushter/data-science-blogs,2020-04-02,2020-04-02T01:28:57Z,0,Python,4,1
injetlee/Python,https://github.com/injetlee/Python,2020-04-02,2020-04-02T01:29:33Z,0,Python,3,1
donnemartin/dev-setup,https://github.com/donnemartin/dev-setup,2020-04-01,2020-04-01T11:48:29Z,0,Python,4,0
pymc-devs/pymc3,https://github.com/pymc-devs/pymc3,2020-04-01,2020-04-01T15:52:08Z,18,Python,10,0
statsmodels/statsmodels,https://github.com/statsmodels/statsmodels,2020-04-02,2020-04-02T00:43:55Z,12,Python,8,1
edx/edx-platform,https://github.com/edx/edx-platform,2020-04-01,2020-04-01T23:14:54Z,4,Python,6,0
10se1ucgo/DisableWinTracking,https://github.com/10se1ucgo/DisableWinTracking,2020-04-01,2020-04-01T03:48:15Z,27,Python,4,0
0x5e/wechat-deleted-friends,https://github.com/0x5e/wechat-deleted-friends,2020-03-30,2020-03-30T18:01:15Z,0,Python,4,2
jupyter/docker-stacks,https://github.com/jupyter/docker-stacks,2020-04-01,2020-04-01T21:00:57Z,0,Python,4,0
worldveil/dejavu,https://github.com/worldveil/dejavu,2020-04-01,2020-04-01T15:57:17Z,0,Python,6,0
awslabs/aws-sam-cli,https://github.com/awslabs/aws-sam-cli,2020-04-01,2020-04-01T11:01:05Z,60,Python,2,0
fail2ban/fail2ban,https://github.com/fail2ban/fail2ban,2020-04-01,2020-04-01T18:07:18Z,24,Python,8,0
humphd/have-fun-with-machine-learning,https://github.com/humphd/have-fun-with-machine-learning,2020-03-31,2020-03-31T23:24:43Z,0,Python,3,1
jopohl/urh,https://github.com/jopohl/urh,2020-04-01,2020-04-01T15:21:15Z,82,Python,4,0
ibab/tensorflow-wavenet,https://github.com/ibab/tensorflow-wavenet,2020-04-01,2020-04-01T13:31:07Z,0,Python,3,0
aymericdamien/TopDeepLearning,https://github.com/aymericdamien/TopDeepLearning,2020-04-01,2020-04-01T17:00:47Z,0,Python,3,0
belluzj/fantasque-sans,https://github.com/belluzj/fantasque-sans,2020-04-01,2020-04-01T20:47:44Z,17,Python,6,0
iterative/dvc,https://github.com/iterative/dvc,2020-04-02,2020-04-02T01:54:45Z,212,Python,3,1
albumentations-team/albumentations,https://github.com/albumentations-team/albumentations,2020-04-01,2020-04-01T17:10:50Z,4,Python,1,0
oarriaga/face_classification,https://github.com/oarriaga/face_classification,2020-04-02,2020-04-02T02:01:21Z,0,Python,3,1
vishnubob/wait-for-it,https://github.com/vishnubob/wait-for-it,2020-04-01,2020-04-01T19:42:01Z,0,Python,4,0
joelgrus/data-science-from-scratch,https://github.com/joelgrus/data-science-from-scratch,2020-04-02,2020-04-02T02:18:11Z,0,Python,5,1
FeatureLabs/featuretools,https://github.com/FeatureLabs/featuretools,2020-04-01,2020-04-01T20:06:17Z,43,Python,2,0
jofpin/trape,https://github.com/jofpin/trape,2020-04-01,2020-04-01T14:37:14Z,0,Python,2,0
django-extensions/django-extensions,https://github.com/django-extensions/django-extensions,2020-04-01,2020-04-01T15:32:22Z,0,Python,11,0
lining0806/PythonSpiderNotes,https://github.com/lining0806/PythonSpiderNotes,2020-04-01,2020-04-01T12:30:30Z,0,Python,4,0
lancopku/pkuseg-python,https://github.com/lancopku/pkuseg-python,2020-04-01,2020-04-01T09:31:02Z,2,Python,1,0
ecthros/uncaptcha2,https://github.com/ecthros/uncaptcha2,2020-04-01,2020-04-01T13:36:03Z,0,Python,1,0
HIPS/autograd,https://github.com/HIPS/autograd,2020-04-02,2020-04-02T02:36:16Z,1,Python,5,1
taki0112/UGATIT,https://github.com/taki0112/UGATIT,2020-04-01,2020-04-01T16:15:40Z,0,Python,0,0
i-tu/Hasklig,https://github.com/i-tu/Hasklig,2020-04-01,2020-04-01T15:19:43Z,8,Python,5,0
docker/docker-py,https://github.com/docker/docker-py,2020-04-02,2020-04-02T00:48:20Z,63,Python,6,1
PeterDing/iScript,https://github.com/PeterDing/iScript,2020-04-01,2020-04-01T04:31:40Z,0,Python,5,0
OlafenwaMoses/ImageAI,https://github.com/OlafenwaMoses/ImageAI,2020-04-01,2020-04-01T10:58:05Z,9,Python,2,0
isnowfy/snownlp,https://github.com/isnowfy/snownlp,2020-04-01,2020-04-01T15:09:56Z,0,Python,6,0
Linzaer/Ultra-Light-Fast-Generic-Face-Detector-1MB,https://github.com/Linzaer/Ultra-Light-Fast-Generic-Face-Detector-1MB,2020-04-01,2020-04-01T21:02:54Z,0,Python,0,0
Uberi/speech_recognition,https://github.com/Uberi/speech_recognition,2020-03-31,2020-03-31T08:11:37Z,23,Python,5,1
burnash/gspread,https://github.com/burnash/gspread,2020-04-01,2020-04-01T23:23:24Z,21,Python,8,0
PyTorchLightning/pytorch-lightning,https://github.com/PyTorchLightning/pytorch-lightning,2020-04-02,2020-04-02T02:13:25Z,12,Python,1,1
dxa4481/truffleHog,https://github.com/dxa4481/truffleHog,2020-04-01,2020-04-01T19:05:37Z,1,Python,3,0
microsoft/MMdnn,https://github.com/microsoft/MMdnn,2020-04-01,2020-04-01T20:17:28Z,10,Python,2,0
python-visualization/folium,https://github.com/python-visualization/folium,2020-04-01,2020-04-01T13:26:36Z,18,Python,6,0
modin-project/modin,https://github.com/modin-project/modin,2020-04-02,2020-04-02T01:53:44Z,25,Python,1,1
tensorflow/tensorboard,https://github.com/tensorflow/tensorboard,2020-04-01,2020-04-01T23:07:15Z,31,Python,2,0
marshmallow-code/marshmallow,https://github.com/marshmallow-code/marshmallow,2020-04-02,2020-04-02T01:24:09Z,0,Python,6,1
keras-rl/keras-rl,https://github.com/keras-rl/keras-rl,2020-03-31,2020-03-31T21:56:06Z,8,Python,3,1
joeyespo/grip,https://github.com/joeyespo/grip,2020-04-01,2020-04-01T22:54:58Z,0,Python,7,0
aboul3la/Sublist3r,https://github.com/aboul3la/Sublist3r,2020-04-01,2020-04-01T17:49:31Z,1,Python,4,0
likedan/Awesome-CoreML-Models,https://github.com/likedan/Awesome-CoreML-Models,2020-04-01,2020-04-01T15:15:39Z,0,Python,2,0
streamlink/streamlink,https://github.com/streamlink/streamlink,2020-04-01,2020-04-01T23:52:57Z,26,Python,3,0
dropbox/pyston,https://github.com/dropbox/pyston,2020-03-31,2020-03-31T22:05:51Z,7,Python,6,1
mzucker/noteshrink,https://github.com/mzucker/noteshrink,2020-04-01,2020-04-01T18:24:55Z,0,Python,3,0
astorfi/TensorFlow-World,https://github.com/astorfi/TensorFlow-World,2020-03-30,2020-03-30T15:34:23Z,1,Python,3,2
tensorflow/cleverhans,https://github.com/tensorflow/cleverhans,2020-04-01,2020-04-01T07:18:34Z,6,Python,3,0
yunjey/stargan,https://github.com/yunjey/stargan,2020-04-01,2020-04-01T13:33:37Z,0,Python,2,0
openai/spinningup,https://github.com/openai/spinningup,2020-04-01,2020-04-01T17:20:40Z,1,Python,1,0
hyperopt/hyperopt,https://github.com/hyperopt/hyperopt,2020-04-01,2020-04-01T13:16:06Z,0,Python,8,0
michael-lazar/rtv,https://github.com/michael-lazar/rtv,2020-04-01,2020-04-01T03:21:32Z,38,Python,5,0
lazyprogrammer/machine_learning_examples,https://github.com/lazyprogrammer/machine_learning_examples,2020-04-01,2020-04-01T18:42:31Z,0,Python,5,0
wbond/package_control,https://github.com/wbond/package_control,2020-04-01,2020-04-01T23:07:10Z,0,Python,8,0
warmheartli/ChatBotCourse,https://github.com/warmheartli/ChatBotCourse,2020-04-02,2020-04-02T00:36:50Z,0,Python,3,1
robotframework/robotframework,https://github.com/robotframework/robotframework,2020-04-01,2020-04-01T15:05:04Z,34,Python,5,0
michaelliao/learn-python3,https://github.com/michaelliao/learn-python3,2020-04-01,2020-04-01T16:13:24Z,0,Python,4,0
rmax/scrapy-redis,https://github.com/rmax/scrapy-redis,2020-04-01,2020-04-01T14:44:37Z,1,Python,8,0
donnemartin/saws,https://github.com/donnemartin/saws,2020-04-01,2020-04-01T07:23:24Z,8,Python,4,0
dmlc/dgl,https://github.com/dmlc/dgl,2020-04-01,2020-04-01T21:01:23Z,8,Python,1,0
chyroc/WechatSogou,https://github.com/chyroc/WechatSogou,2020-04-02,2020-04-02T02:26:53Z,7,Python,3,1
NVIDIA/pix2pixHD,https://github.com/NVIDIA/pix2pixHD,2020-04-01,2020-04-01T08:35:07Z,0,Python,2,0
lennylxx/ipv6-hosts,https://github.com/lennylxx/ipv6-hosts,2020-04-01,2020-04-01T08:39:32Z,0,Python,5,0
navdeep-G/setup.py,https://github.com/navdeep-G/setup.py,2020-04-01,2020-04-01T06:48:54Z,0,Python,2,0
robinhood/faust,https://github.com/robinhood/faust,2020-04-01,2020-04-01T23:35:49Z,3,Python,3,0
Rapptz/discord.py,https://github.com/Rapptz/discord.py,2020-04-02,2020-04-02T02:47:15Z,0,Python,4,1
tkipf/gcn,https://github.com/tkipf/gcn,2020-04-02,2020-04-02T02:42:02Z,0,Python,3,1
automl/auto-sklearn,https://github.com/automl/auto-sklearn,2020-04-02,2020-04-02T01:07:33Z,11,Python,4,1
SecureAuthCorp/impacket,https://github.com/SecureAuthCorp/impacket,2020-04-01,2020-04-01T23:57:48Z,8,Python,4,0
facebook/PathPicker,https://github.com/facebook/PathPicker,2020-04-02,2020-04-02T00:24:26Z,12,Python,4,1
diafygi/acme-tiny,https://github.com/diafygi/acme-tiny,2020-04-01,2020-04-01T14:09:05Z,0,Python,4,0
wkentaro/labelme,https://github.com/wkentaro/labelme,2020-04-01,2020-04-01T15:31:52Z,37,Python,3,0
jasperproject/jasper-client,https://github.com/jasperproject/jasper-client,2020-03-31,2020-03-31T20:18:02Z,0,Python,6,1
lbryio/lbry-sdk,https://github.com/lbryio/lbry-sdk,2020-03-31,2020-03-31T21:47:22Z,224,Python,4,1
SpiderClub/haipproxy,https://github.com/SpiderClub/haipproxy,2020-04-01,2020-04-01T16:13:14Z,1,Python,2,0
PaddlePaddle/models,https://github.com/PaddlePaddle/models,2020-04-02,2020-04-02T02:42:52Z,7,Python,2,1
Yelp/dumb-init,https://github.com/Yelp/dumb-init,2020-04-02,2020-04-02T02:42:30Z,19,Python,4,1
davidhalter/jedi,https://github.com/davidhalter/jedi,2020-04-01,2020-04-01T23:54:26Z,0,Python,8,0
buildbot/buildbot,https://github.com/buildbot/buildbot,2020-04-01,2020-04-01T15:21:57Z,27,Python,9,0
jarun/googler,https://github.com/jarun/googler,2020-04-01,2020-04-01T13:29:19Z,31,Python,4,0
sshwsfc/xadmin,https://github.com/sshwsfc/xadmin,2020-04-01,2020-04-01T11:25:11Z,1,Python,7,0
scikit-learn-contrib/imbalanced-learn,https://github.com/scikit-learn-contrib/imbalanced-learn,2020-04-02,2020-04-02T00:54:35Z,25,Python,5,1
django/channels,https://github.com/django/channels,2020-04-01,2020-04-01T18:53:05Z,0,Python,4,0
deepmind/graph_nets,https://github.com/deepmind/graph_nets,2020-04-01,2020-04-01T19:21:25Z,0,Python,1,0
MrS0m30n3/youtube-dl-gui,https://github.com/MrS0m30n3/youtube-dl-gui,2020-04-01,2020-04-01T21:50:54Z,3,Python,6,0
smacke/subsync,https://github.com/smacke/subsync,2020-04-01,2020-04-01T10:49:29Z,4,Python,1,0
smicallef/spiderfoot,https://github.com/smicallef/spiderfoot,2020-04-01,2020-04-01T17:48:07Z,1,Python,7,0
SpiderClub/weibospider,https://github.com/SpiderClub/weibospider,2020-04-01,2020-04-01T13:30:44Z,0,Python,3,0
tschellenbach/Stream-Framework,https://github.com/tschellenbach/Stream-Framework,2020-03-31,2020-03-31T07:10:29Z,0,Python,7,1
encode/httpx,https://github.com/encode/httpx,2020-04-02,2020-04-02T01:11:52Z,4,Python,0,1
jiaaro/pydub,https://github.com/jiaaro/pydub,2020-04-01,2020-04-01T18:53:24Z,27,Python,8,0
wb14123/seq2seq-couplet,https://github.com/wb14123/seq2seq-couplet,2020-04-01,2020-04-01T08:31:34Z,0,Python,2,0
HypothesisWorks/hypothesis,https://github.com/HypothesisWorks/hypothesis,2020-04-01,2020-04-01T16:41:09Z,316,Python,7,0
OctoPrint/OctoPrint,https://github.com/OctoPrint/OctoPrint,2020-04-01,2020-04-01T23:14:23Z,91,Python,7,0
facebookarchive/augmented-traffic-control,https://github.com/facebookarchive/augmented-traffic-control,2020-04-01,2020-04-01T07:27:33Z,0,Python,6,0
airbnb/knowledge-repo,https://github.com/airbnb/knowledge-repo,2020-04-01,2020-04-01T16:01:37Z,28,Python,3,0
vi3k6i5/flashtext,https://github.com/vi3k6i5/flashtext,2020-04-01,2020-04-01T11:38:06Z,0,Python,2,0
django-oscar/django-oscar,https://github.com/django-oscar/django-oscar,2020-04-02,2020-04-02T00:31:49Z,1,Python,9,1
wireservice/csvkit,https://github.com/wireservice/csvkit,2020-04-01,2020-04-01T23:00:02Z,0,Python,9,0
ashnkumar/sketch-code,https://github.com/ashnkumar/sketch-code,2020-04-02,2020-04-02T00:22:24Z,0,Python,2,1
jrnl-org/jrnl,https://github.com/jrnl-org/jrnl,2020-04-01,2020-04-01T22:23:33Z,24,Python,8,0
euske/pdfminer,https://github.com/euske/pdfminer,2020-04-01,2020-04-01T20:37:11Z,0,Python,9,0
mher/flower,https://github.com/mher/flower,2020-04-01,2020-04-01T22:07:27Z,0,Python,7,0
MycroftAI/mycroft-core,https://github.com/MycroftAI/mycroft-core,2020-04-01,2020-04-01T19:24:58Z,119,Python,3,0
google/clusterfuzz,https://github.com/google/clusterfuzz,2020-04-02,2020-04-02T00:05:40Z,14,Python,1,1
flask-admin/flask-admin,https://github.com/flask-admin/flask-admin,2020-04-01,2020-04-01T14:39:30Z,12,Python,8,0
nuno-faria/tiler,https://github.com/nuno-faria/tiler,2020-04-02,2020-04-02T00:32:41Z,0,Python,0,1
fogleman/Minecraft,https://github.com/fogleman/Minecraft,2020-04-02,2020-04-02T02:40:10Z,0,Python,8,1
d2l-ai/d2l-en,https://github.com/d2l-ai/d2l-en,2020-04-02,2020-04-02T02:07:54Z,3,Python,1,1
jazzband/pip-tools,https://github.com/jazzband/pip-tools,2020-04-02,2020-04-02T02:33:22Z,30,Python,7,1
angr/angr,https://github.com/angr/angr,2020-04-01,2020-04-01T23:40:02Z,0,Python,4,0
facebookarchive/huxley,https://github.com/facebookarchive/huxley,2020-03-30,2020-03-30T19:17:09Z,0,Python,6,2
deepmipt/DeepPavlov,https://github.com/deepmipt/DeepPavlov,2020-04-01,2020-04-01T05:23:38Z,33,Python,2,0
JakeWharton/pidcat,https://github.com/JakeWharton/pidcat,2020-03-31,2020-03-31T23:53:36Z,0,Python,6,1
pre-commit/pre-commit,https://github.com/pre-commit/pre-commit,2020-04-01,2020-04-01T14:00:00Z,55,Python,6,0
commonmark/commonmark-spec,https://github.com/commonmark/commonmark-spec,2020-03-31,2020-03-31T09:32:14Z,12,Python,5,1
paralax/awesome-honeypots,https://github.com/paralax/awesome-honeypots,2020-04-01,2020-04-01T21:17:46Z,0,Python,4,0
alicevision/meshroom,https://github.com/alicevision/meshroom,2020-04-01,2020-04-01T22:22:42Z,3,Python,4,0
gregmalcolm/python_koans,https://github.com/gregmalcolm/python_koans,2020-03-31,2020-03-31T11:26:10Z,0,Python,10,1
NullArray/AutoSploit,https://github.com/NullArray/AutoSploit,2020-04-01,2020-04-01T14:46:59Z,5,Python,2,0
MagicStack/asyncpg,https://github.com/MagicStack/asyncpg,2020-04-01,2020-04-01T17:56:16Z,21,Python,3,0
reorx/httpstat,https://github.com/reorx/httpstat,2020-04-01,2020-04-01T23:00:18Z,4,Python,3,0
cloudtools/troposphere,https://github.com/cloudtools/troposphere,2020-04-01,2020-04-01T20:26:52Z,52,Python,7,0
bitcoin/bips,https://github.com/bitcoin/bips,2020-03-31,2020-03-31T02:34:22Z,0,Python,6,1
cloudera/hue,https://github.com/cloudera/hue,2020-04-01,2020-04-01T14:07:58Z,0,Python,9,0
google/trax,https://github.com/google/trax,2020-04-02,2020-04-02T02:24:17Z,5,Python,0,1
stephenmcd/mezzanine,https://github.com/stephenmcd/mezzanine,2020-04-01,2020-04-01T16:36:09Z,0,Python,9,0
persepolisdm/persepolis,https://github.com/persepolisdm/persepolis,2020-04-01,2020-04-01T20:31:32Z,12,Python,3,0
eriklindernoren/PyTorch-YOLOv3,https://github.com/eriklindernoren/PyTorch-YOLOv3,2020-04-02,2020-04-02T01:39:22Z,0,Python,1,1
seemoo-lab/opendrop,https://github.com/seemoo-lab/opendrop,2020-04-01,2020-04-01T14:31:27Z,2,Python,0,0
WenDesi/lihang_book_algorithm,https://github.com/WenDesi/lihang_book_algorithm,2020-04-01,2020-04-01T13:54:22Z,0,Python,3,0
OpenNMT/OpenNMT-py,https://github.com/OpenNMT/OpenNMT-py,2020-04-01,2020-04-01T16:22:33Z,23,Python,3,0
gorakhargosh/watchdog,https://github.com/gorakhargosh/watchdog,2020-04-01,2020-04-01T13:18:37Z,8,Python,9,0
okfn-brasil/serenata-de-amor,https://github.com/okfn-brasil/serenata-de-amor,2020-03-31,2020-03-31T22:35:50Z,0,Python,3,1
cupy/cupy,https://github.com/cupy/cupy,2020-04-01,2020-04-01T11:42:28Z,66,Python,3,0
PyCQA/pycodestyle,https://github.com/PyCQA/pycodestyle,2020-04-01,2020-04-01T16:39:05Z,4,Python,10,0
microsoft/nlp-recipes,https://github.com/microsoft/nlp-recipes,2020-04-02,2020-04-02T02:04:27Z,5,Python,0,1
GoogleCloudPlatform/python-docs-samples,https://github.com/GoogleCloudPlatform/python-docs-samples,2020-04-02,2020-04-02T02:11:56Z,0,Python,4,1
longld/peda,https://github.com/longld/peda,2020-04-02,2020-04-02T00:43:12Z,0,Python,7,1
deepmind/learning-to-learn,https://github.com/deepmind/learning-to-learn,2020-03-30,2020-03-30T05:57:32Z,0,Python,3,2
Netflix/security_monkey,https://github.com/Netflix/security_monkey,2020-04-01,2020-04-01T07:23:31Z,18,Python,5,0
fmfn/BayesianOptimization,https://github.com/fmfn/BayesianOptimization,2020-04-02,2020-04-02T01:42:00Z,6,Python,5,1
OmkarPathak/pygorithm,https://github.com/OmkarPathak/pygorithm,2020-04-01,2020-04-01T01:17:52Z,3,Python,2,0
Kinto/kinto,https://github.com/Kinto/kinto,2020-04-01,2020-04-01T09:54:21Z,140,Python,5,0
lisa-lab/DeepLearningTutorials,https://github.com/lisa-lab/DeepLearningTutorials,2020-03-30,2020-03-30T00:45:15Z,0,Python,10,2
posativ/isso,https://github.com/posativ/isso,2020-04-01,2020-04-01T11:06:29Z,21,Python,7,0
NicolasHug/Surprise,https://github.com/NicolasHug/Surprise,2020-04-01,2020-04-01T23:29:33Z,0,Python,3,0
commaai/research,https://github.com/commaai/research,2020-04-01,2020-04-01T13:30:55Z,0,Python,3,0
malwaredllc/byob,https://github.com/malwaredllc/byob,2020-04-01,2020-04-01T23:24:21Z,0,Python,2,0
princewen/tensorflow_practice,https://github.com/princewen/tensorflow_practice,2020-04-02,2020-04-02T02:44:02Z,0,Python,2,1
platformio/platformio-core,https://github.com/platformio/platformio-core,2020-04-01,2020-04-01T21:59:42Z,95,Python,5,0
jisaacks/GitGutter,https://github.com/jisaacks/GitGutter,2020-04-02,2020-04-02T02:46:38Z,49,Python,7,1
ujjwalkarn/DataSciencePython,https://github.com/ujjwalkarn/DataSciencePython,2020-04-01,2020-04-01T23:16:58Z,0,Python,4,0
martinblech/xmltodict,https://github.com/martinblech/xmltodict,2020-04-01,2020-04-01T16:25:30Z,0,Python,7,0
stewartmcgown/uds,https://github.com/stewartmcgown/uds,2020-04-01,2020-04-01T19:30:25Z,0,Python,1,0
spesmilo/electrum,https://github.com/spesmilo/electrum,2020-04-01,2020-04-01T21:29:08Z,0,Python,7,0
hzy46/Deep-Learning-21-Examples,https://github.com/hzy46/Deep-Learning-21-Examples,2020-04-01,2020-04-01T09:08:24Z,0,Python,2,0
dwyl/english-words,https://github.com/dwyl/english-words,2020-04-01,2020-04-01T21:22:01Z,0,Python,5,0
NervanaSystems/neon,https://github.com/NervanaSystems/neon,2020-04-01,2020-04-01T13:28:06Z,32,Python,5,0
sdispater/pendulum,https://github.com/sdispater/pendulum,2020-04-02,2020-04-02T00:55:02Z,43,Python,3,1
avinassh/rockstar,https://github.com/avinassh/rockstar,2020-04-01,2020-04-01T13:29:10Z,0,Python,4,0
twisted/twisted,https://github.com/twisted/twisted,2020-04-01,2020-04-01T18:15:55Z,0,Python,8,0
django-crispy-forms/django-crispy-forms,https://github.com/django-crispy-forms/django-crispy-forms,2020-04-01,2020-04-01T21:01:30Z,11,Python,8,0
micahflee/onionshare,https://github.com/micahflee/onionshare,2020-04-01,2020-04-01T19:33:51Z,19,Python,5,0
fluentpython/example-code,https://github.com/fluentpython/example-code,2020-04-02,2020-04-02T00:42:57Z,0,Python,5,1
realpython/discover-flask,https://github.com/realpython/discover-flask,2020-04-01,2020-04-01T13:11:39Z,0,Python,5,0
jadore801120/attention-is-all-you-need-pytorch,https://github.com/jadore801120/attention-is-all-you-need-pytorch,2020-03-31,2020-03-31T09:16:36Z,0,Python,2,1
stanfordnlp/stanza,https://github.com/stanfordnlp/stanza,2020-04-02,2020-04-02T02:46:42Z,4,Python,2,1
openimages/dataset,https://github.com/openimages/dataset,2020-04-01,2020-04-01T18:58:17Z,0,Python,3,0
edgedb/edgedb,https://github.com/edgedb/edgedb,2020-04-01,2020-04-01T13:32:47Z,2,Python,2,0
utkuozbulak/pytorch-cnn-visualizations,https://github.com/utkuozbulak/pytorch-cnn-visualizations,2020-04-01,2020-04-01T05:50:25Z,0,Python,2,0
MVIG-SJTU/AlphaPose,https://github.com/MVIG-SJTU/AlphaPose,2020-04-01,2020-04-01T23:21:21Z,0,Python,2,0
dylanaraps/pywal,https://github.com/dylanaraps/pywal,2020-04-01,2020-04-01T23:51:51Z,78,Python,2,0
pudo/dataset,https://github.com/pudo/dataset,2020-04-01,2020-04-01T16:24:12Z,0,Python,7,0
lmcinnes/umap,https://github.com/lmcinnes/umap,2020-04-01,2020-04-01T15:26:18Z,16,Python,2,0
neozhaoliang/pywonderland,https://github.com/neozhaoliang/pywonderland,2020-03-26,2020-03-26T13:44:27Z,0,Python,3,6
snorkel-team/snorkel,https://github.com/snorkel-team/snorkel,2020-04-01,2020-04-01T17:03:01Z,9,Python,4,0
floydhub/dl-docker,https://github.com/floydhub/dl-docker,2020-04-01,2020-04-01T14:48:17Z,0,Python,3,0
chrippa/livestreamer,https://github.com/chrippa/livestreamer,2020-04-01,2020-04-01T19:50:16Z,24,Python,8,0
dpkp/kafka-python,https://github.com/dpkp/kafka-python,2020-04-01,2020-04-01T23:11:42Z,32,Python,7,0
StackStorm/st2,https://github.com/StackStorm/st2,2020-04-02,2020-04-02T00:10:58Z,61,Python,5,1
misterch0c/shadowbroker,https://github.com/misterch0c/shadowbroker,2020-04-01,2020-04-01T13:32:21Z,0,Python,2,0
YadiraF/PRNet,https://github.com/YadiraF/PRNet,2020-04-01,2020-04-01T12:04:26Z,0,Python,2,0
Lasagne/Lasagne,https://github.com/Lasagne/Lasagne,2020-04-01,2020-04-01T13:27:58Z,1,Python,5,0
qiyeboy/IPProxyPool,https://github.com/qiyeboy/IPProxyPool,2020-04-01,2020-04-01T09:11:58Z,2,Python,3,0
wepe/MachineLearning,https://github.com/wepe/MachineLearning,2020-03-31,2020-03-31T04:14:41Z,0,Python,5,1
ajalt/fuckitpy,https://github.com/ajalt/fuckitpy,2020-04-01,2020-04-01T02:22:50Z,0,Python,6,0
machinelearningmindset/deep-learning-roadmap,https://github.com/machinelearningmindset/deep-learning-roadmap,2020-03-31,2020-03-31T18:25:35Z,0,Python,1,1
encode/starlette,https://github.com/encode/starlette,2020-04-02,2020-04-02T02:33:34Z,0,Python,1,1
dschep/ntfy,https://github.com/dschep/ntfy,2020-04-01,2020-04-01T13:29:51Z,26,Python,4,0
1adrianb/face-alignment,https://github.com/1adrianb/face-alignment,2020-04-01,2020-04-01T23:39:24Z,3,Python,2,0
conan-io/conan,https://github.com/conan-io/conan,2020-04-01,2020-04-01T19:28:53Z,144,Python,4,0
lukemelas/EfficientNet-PyTorch,https://github.com/lukemelas/EfficientNet-PyTorch,2020-04-02,2020-04-02T01:24:22Z,1,Python,0,1
facebookresearch/DrQA,https://github.com/facebookresearch/DrQA,2020-04-01,2020-04-01T13:32:50Z,0,Python,2,0
ricequant/rqalpha,https://github.com/ricequant/rqalpha,2020-04-01,2020-04-01T15:43:11Z,0,Python,3,0
AirtestProject/Airtest,https://github.com/AirtestProject/Airtest,2020-04-02,2020-04-02T02:15:31Z,2,Python,2,1
jazzband/tablib,https://github.com/jazzband/tablib,2020-04-01,2020-04-01T15:23:00Z,3,Python,9,0
MorvanZhou/Tensorflow-Tutorial,https://github.com/MorvanZhou/Tensorflow-Tutorial,2020-04-01,2020-04-01T13:12:28Z,0,Python,2,0
jayfk/statuspage,https://github.com/jayfk/statuspage,2020-03-29,2020-03-29T12:39:50Z,12,Python,4,3
naturomics/CapsNet-Tensorflow,https://github.com/naturomics/CapsNet-Tensorflow,2020-04-01,2020-04-01T06:41:35Z,0,Python,2,0
dmlc/gluon-cv,https://github.com/dmlc/gluon-cv,2020-04-01,2020-04-01T23:24:00Z,6,Python,2,0
CouchPotato/CouchPotatoServer,https://github.com/CouchPotato/CouchPotatoServer,2020-04-02,2020-04-02T01:39:28Z,15,Python,9,1
NVlabs/stylegan2,https://github.com/NVlabs/stylegan2,2020-04-02,2020-04-02T02:06:19Z,0,Python,0,1
minimaxir/textgenrnn,https://github.com/minimaxir/textgenrnn,2020-04-01,2020-04-01T09:22:28Z,12,Python,2,0
sripathikrishnan/redis-rdb-tools,https://github.com/sripathikrishnan/redis-rdb-tools,2020-04-02,2020-04-02T01:35:26Z,9,Python,8,1
xonsh/xonsh,https://github.com/xonsh/xonsh,2020-04-02,2020-04-02T00:41:21Z,70,Python,5,1
PokemonGoF/PokemonGo-Bot,https://github.com/PokemonGoF/PokemonGo-Bot,2020-03-25,2020-03-25T13:47:04Z,7,Python,3,7
emre/storm,https://github.com/emre/storm,2020-04-01,2020-04-01T10:15:17Z,6,Python,6,0
fizyr/keras-retinanet,https://github.com/fizyr/keras-retinanet,2020-04-01,2020-04-01T19:03:42Z,6,Python,2,0
NVIDIA/apex,https://github.com/NVIDIA/apex,2020-04-02,2020-04-02T01:37:22Z,0,Python,1,1
fastmonkeys/stellar,https://github.com/fastmonkeys/stellar,2020-03-30,2020-03-30T18:50:07Z,0,Python,5,2
shidenggui/easytrader,https://github.com/shidenggui/easytrader,2020-04-01,2020-04-01T13:29:47Z,0,Python,4,0
Qix-/better-exceptions,https://github.com/Qix-/better-exceptions,2020-03-31,2020-03-31T21:49:33Z,2,Python,3,1
xingyizhou/CenterNet,https://github.com/xingyizhou/CenterNet,2020-04-02,2020-04-02T02:21:00Z,0,Python,0,1
django-tastypie/django-tastypie,https://github.com/django-tastypie/django-tastypie,2020-04-01,2020-04-01T13:25:09Z,4,Python,10,0
maurosoria/dirsearch,https://github.com/maurosoria/dirsearch,2020-04-02,2020-04-02T01:35:57Z,11,Python,6,1
twintproject/twint,https://github.com/twintproject/twint,2020-04-01,2020-04-01T15:32:14Z,9,Python,2,0
asweigart/pyautogui,https://github.com/asweigart/pyautogui,2020-04-01,2020-04-01T23:31:16Z,0,Python,5,0
nvdv/vprof,https://github.com/nvdv/vprof,2020-03-30,2020-03-30T10:17:21Z,19,Python,4,2
karpathy/arxiv-sanity-preserver,https://github.com/karpathy/arxiv-sanity-preserver,2020-04-02,2020-04-02T02:04:00Z,0,Python,4,1
scikit-image/scikit-image,https://github.com/scikit-image/scikit-image,2020-04-02,2020-04-02T00:51:32Z,3,Python,8,1
junyanz/iGAN,https://github.com/junyanz/iGAN,2020-04-01,2020-04-01T22:48:12Z,0,Python,3,0
iodide-project/pyodide,https://github.com/iodide-project/pyodide,2020-04-02,2020-04-02T02:26:29Z,22,Python,2,1
miguelgrinberg/Flask-SocketIO,https://github.com/miguelgrinberg/Flask-SocketIO,2020-04-01,2020-04-01T07:06:05Z,0,Python,6,0
reinderien/mimic,https://github.com/reinderien/mimic,2020-03-31,2020-03-31T23:57:46Z,0,Python,4,1
prompt-toolkit/ptpython,https://github.com/prompt-toolkit/ptpython,2020-04-01,2020-04-01T16:30:50Z,0,Python,5,0
mementum/backtrader,https://github.com/mementum/backtrader,2020-04-02,2020-04-02T01:14:44Z,0,Python,5,1
laramies/theHarvester,https://github.com/laramies/theHarvester,2020-04-01,2020-04-01T13:25:19Z,7,Python,9,0
pandolia/qqbot,https://github.com/pandolia/qqbot,2020-03-31,2020-03-31T14:30:32Z,79,Python,3,1
yhat/ggpy,https://github.com/yhat/ggpy,2020-03-31,2020-03-31T20:02:05Z,0,Python,6,1
hwalsuklee/tensorflow-generative-model-collections,https://github.com/hwalsuklee/tensorflow-generative-model-collections,2020-03-31,2020-03-31T12:35:17Z,0,Python,2,1
iGhibli/iOS-DeviceSupport,https://github.com/iGhibli/iOS-DeviceSupport,2020-04-01,2020-04-01T15:47:10Z,0,Python,2,0
offu/WeRoBot,https://github.com/offu/WeRoBot,2020-04-02,2020-04-02T00:06:01Z,26,Python,7,1
stamparm/maltrail,https://github.com/stamparm/maltrail,2020-04-01,2020-04-01T22:42:25Z,9,Python,5,0
volatilityfoundation/volatility,https://github.com/volatilityfoundation/volatility,2020-04-01,2020-04-01T15:13:13Z,0,Python,5,0
conda/conda,https://github.com/conda/conda,2020-04-01,2020-04-01T20:26:10Z,129,Python,7,0
pavelgonchar/colornet,https://github.com/pavelgonchar/colornet,2020-03-26,2020-03-26T09:06:19Z,0,Python,3,6
Jrohy/multi-v2ray,https://github.com/Jrohy/multi-v2ray,2020-04-01,2020-04-01T18:36:42Z,36,Python,1,0
adamchainz/django-cors-headers,https://github.com/adamchainz/django-cors-headers,2020-04-02,2020-04-02T02:25:15Z,0,Python,7,1
DEAP/deap,https://github.com/DEAP/deap,2020-04-02,2020-04-02T00:27:25Z,0,Python,5,1
nylas/sync-engine,https://github.com/nylas/sync-engine,2020-04-01,2020-04-01T13:27:14Z,3,Python,6,0
PySimpleGUI/PySimpleGUI,https://github.com/PySimpleGUI/PySimpleGUI,2020-04-02,2020-04-02T00:13:56Z,0,Python,1,1
jcjohnson/pytorch-examples,https://github.com/jcjohnson/pytorch-examples,2020-04-01,2020-04-01T08:39:43Z,0,Python,3,0
pypa/virtualenv,https://github.com/pypa/virtualenv,2020-04-01,2020-04-01T20:56:04Z,3,Python,9,0
jarun/buku,https://github.com/jarun/buku,2020-04-01,2020-04-01T17:00:30Z,36,Python,4,0
yosinski/deep-visualization-toolbox,https://github.com/yosinski/deep-visualization-toolbox,2020-04-01,2020-04-01T02:58:02Z,0,Python,4,0
openstack/openstack,https://github.com/openstack/openstack,2020-04-02,2020-04-02T02:49:41Z,0,Python,6,1
LonamiWebs/Telethon,https://github.com/LonamiWebs/Telethon,2020-04-02,2020-04-02T00:19:14Z,40,Python,3,1
taoufik07/responder,https://github.com/taoufik07/responder,2020-04-01,2020-04-01T15:50:19Z,3,Python,1,0
google/roboto,https://github.com/google/roboto,2020-03-31,2020-03-31T09:46:13Z,8,Python,4,1
Kozea/WeasyPrint,https://github.com/Kozea/WeasyPrint,2020-04-01,2020-04-01T16:38:57Z,31,Python,8,0
amdegroot/ssd.pytorch,https://github.com/amdegroot/ssd.pytorch,2020-04-01,2020-04-01T15:46:30Z,0,Python,3,0
ritiek/spotify-downloader,https://github.com/ritiek/spotify-downloader,2020-04-01,2020-04-01T18:42:09Z,11,Python,3,0
jmcarp/robobrowser,https://github.com/jmcarp/robobrowser,2020-03-31,2020-03-31T22:05:46Z,0,Python,6,1
googleapis/google-api-python-client,https://github.com/googleapis/google-api-python-client,2020-04-01,2020-04-01T13:28:32Z,28,Python,6,0
MechanicalSoup/MechanicalSoup,https://github.com/MechanicalSoup/MechanicalSoup,2020-04-01,2020-04-01T21:11:46Z,9,Python,5,0
rarcega/instagram-scraper,https://github.com/rarcega/instagram-scraper,2020-04-02,2020-04-02T00:18:12Z,43,Python,6,1
yahoo/TensorFlowOnSpark,https://github.com/yahoo/TensorFlowOnSpark,2020-04-01,2020-04-01T09:09:39Z,19,Python,3,0
bigchaindb/bigchaindb,https://github.com/bigchaindb/bigchaindb,2020-04-01,2020-04-01T14:05:34Z,49,Python,4,0
spulec/moto,https://github.com/spulec/moto,2020-04-02,2020-04-02T00:34:18Z,0,Python,7,1
aidlearning/AidLearning-FrameWork,https://github.com/aidlearning/AidLearning-FrameWork,2020-04-01,2020-04-01T11:24:26Z,17,Python,0,0
LazoCoder/Pokemon-Terminal,https://github.com/LazoCoder/Pokemon-Terminal,2020-03-30,2020-03-30T14:51:38Z,2,Python,2,2
google/grr,https://github.com/google/grr,2020-03-31,2020-03-31T22:38:32Z,18,Python,6,1
hylang/hy,https://github.com/hylang/hy,2020-04-01,2020-04-01T23:30:45Z,8,Python,7,0
librosa/librosa,https://github.com/librosa/librosa,2020-03-31,2020-03-31T21:21:21Z,27,Python,7,1
awentzonline/image-analogies,https://github.com/awentzonline/image-analogies,2020-03-31,2020-03-31T12:34:15Z,1,Python,4,1
mrjbq7/ta-lib,https://github.com/mrjbq7/ta-lib,2020-04-01,2020-04-01T03:42:22Z,0,Python,8,0
cchen156/Learning-to-See-in-the-Dark,https://github.com/cchen156/Learning-to-See-in-the-Dark,2020-04-01,2020-04-01T08:22:03Z,0,Python,1,0
zzzeek/sqlalchemy,https://github.com/zzzeek/sqlalchemy,2020-04-01,2020-04-01T21:40:11Z,0,Python,6,0
trekhleb/learn-python,https://github.com/trekhleb/learn-python,2020-04-01,2020-04-01T18:01:10Z,0,Python,1,0
kkroening/ffmpeg-python,https://github.com/kkroening/ffmpeg-python,2020-04-02,2020-04-02T02:32:54Z,0,Python,2,1
instagrambot/instabot,https://github.com/instagrambot/instabot,2020-04-02,2020-04-02T00:12:18Z,57,Python,3,1
rkern/line_profiler,https://github.com/rkern/line_profiler,2020-04-01,2020-04-01T19:22:32Z,0,Python,5,0
QUANTAXIS/QUANTAXIS,https://github.com/QUANTAXIS/QUANTAXIS,2020-04-01,2020-04-01T11:33:03Z,59,Python,4,0
nameko/nameko,https://github.com/nameko/nameko,2020-04-01,2020-04-01T18:33:29Z,38,Python,7,0
ReactiveX/RxPY,https://github.com/ReactiveX/RxPY,2020-04-02,2020-04-02T02:39:07Z,5,Python,7,1
samuelhwilliams/Eel,https://github.com/samuelhwilliams/Eel,2020-04-01,2020-04-01T09:52:05Z,11,Python,2,0
msiemens/tinydb,https://github.com/msiemens/tinydb,2020-04-01,2020-04-01T08:43:51Z,47,Python,6,0
jorgebastida/awslogs,https://github.com/jorgebastida/awslogs,2020-04-01,2020-04-01T13:28:26Z,0,Python,5,0
codertimo/BERT-pytorch,https://github.com/codertimo/BERT-pytorch,2020-04-01,2020-04-01T20:02:49Z,5,Python,1,0
mwouts/jupytext,https://github.com/mwouts/jupytext,2020-04-01,2020-04-01T17:59:05Z,76,Python,1,0
rossant/awesome-math,https://github.com/rossant/awesome-math,2020-04-02,2020-04-02T01:13:25Z,0,Python,4,1
byt3bl33d3r/CrackMapExec,https://github.com/byt3bl33d3r/CrackMapExec,2020-04-02,2020-04-02T00:57:23Z,20,Python,4,1
buriburisuri/speech-to-text-wavenet,https://github.com/buriburisuri/speech-to-text-wavenet,2020-03-31,2020-03-31T16:34:45Z,0,Python,3,1
Pylons/pyramid,https://github.com/Pylons/pyramid,2020-04-01,2020-04-01T13:23:43Z,0,Python,9,0
eudicots/Cactus,https://github.com/eudicots/Cactus,2020-03-30,2020-03-30T13:50:27Z,0,Python,9,2
opencv/cvat,https://github.com/opencv/cvat,2020-04-01,2020-04-01T21:53:41Z,9,Python,1,0
spyoungtech/grequests,https://github.com/spyoungtech/grequests,2020-04-01,2020-04-01T06:19:01Z,1,Python,7,0
facebook/codemod,https://github.com/facebook/codemod,2020-04-01,2020-04-01T05:27:40Z,1,Python,11,0
amperser/proselint,https://github.com/amperser/proselint,2020-04-01,2020-04-01T14:38:11Z,28,Python,5,0
hhatto/autopep8,https://github.com/hhatto/autopep8,2020-04-02,2020-04-02T02:10:02Z,8,Python,9,1
PyGithub/PyGithub,https://github.com/PyGithub/PyGithub,2020-04-01,2020-04-01T13:25:51Z,22,Python,8,0
mininet/mininet,https://github.com/mininet/mininet,2020-04-01,2020-04-01T12:23:11Z,3,Python,8,0
Tautulli/Tautulli,https://github.com/Tautulli/Tautulli,2020-04-01,2020-04-01T21:38:13Z,154,Python,5,0
Guake/guake,https://github.com/Guake/guake,2020-04-01,2020-04-01T19:22:28Z,54,Python,7,0
endernewton/tf-faster-rcnn,https://github.com/endernewton/tf-faster-rcnn,2020-04-01,2020-04-01T09:37:28Z,1,Python,3,0
arielf/weight-loss,https://github.com/arielf/weight-loss,2020-03-31,2020-03-31T19:46:54Z,0,Python,3,1
gaubert/gmvault,https://github.com/gaubert/gmvault,2020-03-30,2020-03-30T23:52:40Z,0,Python,8,2
simonw/datasette,https://github.com/simonw/datasette,2020-04-02,2020-04-02T00:58:34Z,41,Python,2,1
jeffkaufman/icdiff,https://github.com/jeffkaufman/icdiff,2020-04-01,2020-04-01T16:17:48Z,0,Python,9,0
s3tools/s3cmd,https://github.com/s3tools/s3cmd,2020-04-01,2020-04-01T15:50:02Z,6,Python,8,0
mbadry1/DeepLearning.ai-Summary,https://github.com/mbadry1/DeepLearning.ai-Summary,2020-04-02,2020-04-02T01:46:36Z,0,Python,2,1
vaexio/vaex,https://github.com/vaexio/vaex,2020-04-02,2020-04-02T02:16:26Z,4,Python,5,1
raspberrypi/documentation,https://github.com/raspberrypi/documentation,2020-04-02,2020-04-02T02:39:43Z,0,Python,6,1
lektor/lektor,https://github.com/lektor/lektor,2020-04-01,2020-04-01T14:16:35Z,16,Python,4,0
dabeaz/curio,https://github.com/dabeaz/curio,2020-03-31,2020-03-31T09:21:17Z,0,Python,4,1
apachecn/sklearn-doc-zh,https://github.com/apachecn/sklearn-doc-zh,2020-04-02,2020-04-02T01:58:04Z,1,Python,2,1
ClusterHQ/flocker,https://github.com/ClusterHQ/flocker,2020-03-24,2020-03-24T23:14:43Z,0,Python,5,8
corna/me_cleaner,https://github.com/corna/me_cleaner,2020-03-31,2020-03-31T21:39:45Z,1,Python,3,1
yuanxiaosc/DeepNude-an-Image-to-Image-technology,https://github.com/yuanxiaosc/DeepNude-an-Image-to-Image-technology,2020-04-01,2020-04-01T13:37:23Z,0,Python,0,0
pyca/cryptography,https://github.com/pyca/cryptography,2020-04-01,2020-04-01T19:39:51Z,0,Python,6,0
Blizzard/s2client-proto,https://github.com/Blizzard/s2client-proto,2020-03-31,2020-03-31T15:19:33Z,2,Python,2,1
kootenpv/whereami,https://github.com/kootenpv/whereami,2020-03-29,2020-03-29T18:11:55Z,0,Python,3,3
felixonmars/dnsmasq-china-list,https://github.com/felixonmars/dnsmasq-china-list,2020-04-01,2020-04-01T20:00:51Z,0,Python,6,0
tensorflow/skflow,https://github.com/tensorflow/skflow,2020-03-26,2020-03-26T21:22:06Z,1,Python,4,6
lutris/lutris,https://github.com/lutris/lutris,2020-04-02,2020-04-02T00:31:12Z,34,Python,6,1
snipsco/snips-nlu,https://github.com/snipsco/snips-nlu,2020-04-01,2020-04-01T13:31:56Z,58,Python,3,0
sphinx-doc/sphinx,https://github.com/sphinx-doc/sphinx,2020-04-01,2020-04-01T23:37:23Z,0,Python,5,0
Newmu/dcgan_code,https://github.com/Newmu/dcgan_code,2020-04-01,2020-04-01T03:02:05Z,0,Python,4,0
tckmn/mkcast,https://github.com/tckmn/mkcast,2020-03-31,2020-03-31T23:56:22Z,0,Python,5,1
jpadilla/pyjwt,https://github.com/jpadilla/pyjwt,2020-04-01,2020-04-01T19:35:46Z,24,Python,9,0
Tribler/tribler,https://github.com/Tribler/tribler,2020-03-31,2020-03-31T19:01:15Z,95,Python,7,1
gnemoug/distribute_crawler,https://github.com/gnemoug/distribute_crawler,2020-04-01,2020-04-01T02:51:08Z,0,Python,6,0
googleapis/google-cloud-python,https://github.com/googleapis/google-cloud-python,2020-04-01,2020-04-01T10:16:48Z,696,Python,6,0
MrGemy95/Tensorflow-Project-Template,https://github.com/MrGemy95/Tensorflow-Project-Template,2020-04-01,2020-04-01T14:26:15Z,0,Python,2,0
jackzhenguo/python-small-examples,https://github.com/jackzhenguo/python-small-examples,2020-04-02,2020-04-02T01:49:18Z,4,Python,0,1
santinic/pampy,https://github.com/santinic/pampy,2020-04-01,2020-04-01T15:56:51Z,3,Python,1,0
shobrook/rebound,https://github.com/shobrook/rebound,2020-04-01,2020-04-01T18:01:54Z,4,Python,2,0
zalando/patroni,https://github.com/zalando/patroni,2020-04-01,2020-04-01T15:47:38Z,35,Python,4,0
cookiecutter-flask/cookiecutter-flask,https://github.com/cookiecutter-flask/cookiecutter-flask,2020-04-02,2020-04-02T00:24:32Z,0,Python,6,1
benedekrozemberczki/awesome-graph-classification,https://github.com/benedekrozemberczki/awesome-graph-classification,2020-04-02,2020-04-02T01:47:58Z,0,Python,1,1
tlbootcamp/tlroadmap,https://github.com/tlbootcamp/tlroadmap,2020-04-01,2020-04-01T21:31:17Z,0,Python,0,0
STVIR/pysot,https://github.com/STVIR/pysot,2020-04-01,2020-04-01T14:17:33Z,0,Python,0,0
aziz/PlainTasks,https://github.com/aziz/PlainTasks,2020-04-02,2020-04-02T02:41:42Z,0,Python,7,1
hunkim/PyTorchZeroToAll,https://github.com/hunkim/PyTorchZeroToAll,2020-04-01,2020-04-01T08:58:14Z,0,Python,2,0
SpiderLabs/Responder,https://github.com/SpiderLabs/Responder,2020-04-01,2020-04-01T17:57:36Z,0,Python,7,0
spadgos/sublime-jsdocs,https://github.com/spadgos/sublime-jsdocs,2020-03-28,2020-03-28T09:07:39Z,0,Python,8,4
timofurrer/maya,https://github.com/timofurrer/maya,2020-03-31,2020-03-31T14:47:13Z,7,Python,3,1
drivendata/cookiecutter-data-science,https://github.com/drivendata/cookiecutter-data-science,2020-04-02,2020-04-02T00:07:41Z,0,Python,4,1
guardicore/monkey,https://github.com/guardicore/monkey,2020-04-01,2020-04-01T17:51:53Z,7,Python,4,0
miyakogi/pyppeteer,https://github.com/miyakogi/pyppeteer,2020-04-01,2020-04-01T11:49:43Z,0,Python,2,0
Netflix/metaflow,https://github.com/Netflix/metaflow,2020-04-01,2020-04-01T11:15:35Z,4,Python,0,0
Kaggle/kaggle-api,https://github.com/Kaggle/kaggle-api,2020-04-02,2020-04-02T01:27:05Z,0,Python,2,1
facebookresearch/pythia,https://github.com/facebookresearch/pythia,2020-04-01,2020-04-01T14:59:13Z,2,Python,1,0
andresriancho/w3af,https://github.com/andresriancho/w3af,2020-04-01,2020-04-01T09:34:19Z,4,Python,8,0
livid/v2ex-gae,https://github.com/livid/v2ex-gae,2020-03-23,2020-03-23T03:24:02Z,0,Python,9,9
CSAILVision/semantic-segmentation-pytorch,https://github.com/CSAILVision/semantic-segmentation-pytorch,2020-04-01,2020-04-01T10:04:50Z,0,Python,2,0
nteract/papermill,https://github.com/nteract/papermill,2020-04-01,2020-04-01T22:17:03Z,0,Python,2,0
ildoonet/tf-pose-estimation,https://github.com/ildoonet/tf-pose-estimation,2020-04-01,2020-04-01T18:43:04Z,0,Python,2,0
donnemartin/haxor-news,https://github.com/donnemartin/haxor-news,2020-03-31,2020-03-31T23:50:06Z,4,Python,4,1
MongoEngine/mongoengine,https://github.com/MongoEngine/mongoengine,2020-04-01,2020-04-01T20:54:51Z,29,Python,8,0
orakaro/rainbowstream,https://github.com/orakaro/rainbowstream,2020-04-02,2020-04-02T01:25:45Z,3,Python,5,1
not-kennethreitz/osx-gcc-installer,https://github.com/not-kennethreitz/osx-gcc-installer,2020-04-01,2020-04-01T21:20:41Z,1,Python,8,0
cowrie/cowrie,https://github.com/cowrie/cowrie,2020-04-01,2020-04-01T13:28:53Z,14,Python,4,0
msracver/Deformable-ConvNets,https://github.com/msracver/Deformable-ConvNets,2020-04-01,2020-04-01T06:44:42Z,0,Python,2,0
mantl/mantl,https://github.com/mantl/mantl,2020-03-18,2020-03-18T11:00:16Z,29,Python,5,14
python-trio/trio,https://github.com/python-trio/trio,2020-04-02,2020-04-02T00:49:28Z,0,Python,3,1
PaddlePaddle/ERNIE,https://github.com/PaddlePaddle/ERNIE,2020-04-01,2020-04-01T15:14:19Z,4,Python,1,0
rwightman/pytorch-image-models,https://github.com/rwightman/pytorch-image-models,2020-04-01,2020-04-01T19:50:47Z,6,Python,1,0
SmirkCao/Lihang,https://github.com/SmirkCao/Lihang,2020-04-01,2020-04-01T17:25:23Z,0,Python,1,0
andabi/deep-voice-conversion,https://github.com/andabi/deep-voice-conversion,2020-03-31,2020-03-31T13:32:49Z,0,Python,2,1
wal-e/wal-e,https://github.com/wal-e/wal-e,2020-03-31,2020-03-31T23:24:29Z,0,Python,7,1
navdeep-G/samplemod,https://github.com/navdeep-G/samplemod,2020-03-31,2020-03-31T10:36:15Z,0,Python,7,1
mstamy2/PyPDF2,https://github.com/mstamy2/PyPDF2,2020-04-02,2020-04-02T02:39:32Z,3,Python,8,1
pallets/flask-sqlalchemy,https://github.com/pallets/flask-sqlalchemy,2020-03-31,2020-03-31T12:28:38Z,7,Python,9,1
wistbean/learn_python3_spider,https://github.com/wistbean/learn_python3_spider,2020-04-02,2020-04-02T01:55:58Z,0,Python,1,1
shenweichen/DeepCTR,https://github.com/shenweichen/DeepCTR,2020-04-02,2020-04-02T02:40:05Z,25,Python,2,1
trustedsec/ptf,https://github.com/trustedsec/ptf,2020-04-02,2020-04-02T00:50:29Z,0,Python,4,1
astorfi/Deep-Learning-Roadmap,https://github.com/astorfi/Deep-Learning-Roadmap,2020-03-31,2020-03-31T18:25:37Z,0,Python,1,1
espressif/esptool,https://github.com/espressif/esptool,2020-04-01,2020-04-01T21:29:22Z,20,Python,5,0
midgetspy/Sick-Beard,https://github.com/midgetspy/Sick-Beard,2020-04-01,2020-04-01T12:10:23Z,4,Python,10,0
zalando/connexion,https://github.com/zalando/connexion,2020-04-01,2020-04-01T15:06:27Z,109,Python,4,0
drathier/stack-overflow-import,https://github.com/drathier/stack-overflow-import,2020-04-01,2020-04-01T13:24:30Z,0,Python,3,0
skorch-dev/skorch,https://github.com/skorch-dev/skorch,2020-04-01,2020-04-01T13:55:47Z,6,Python,2,0
lyst/lightfm,https://github.com/lyst/lightfm,2020-04-01,2020-04-01T09:41:45Z,7,Python,4,0
christabor/flask_jsondash,https://github.com/christabor/flask_jsondash,2020-03-31,2020-03-31T18:36:45Z,6,Python,4,1
QingdaoU/OnlineJudge,https://github.com/QingdaoU/OnlineJudge,2020-04-01,2020-04-01T19:27:04Z,6,Python,4,0
tyiannak/pyAudioAnalysis,https://github.com/tyiannak/pyAudioAnalysis,2020-04-01,2020-04-01T17:23:03Z,0,Python,5,0
yzhao062/pyod,https://github.com/yzhao062/pyod,2020-04-01,2020-04-01T11:39:15Z,9,Python,2,0
python-attrs/attrs,https://github.com/python-attrs/attrs,2020-04-01,2020-04-01T13:28:27Z,8,Python,5,0
DanMcInerney/wifijammer,https://github.com/DanMcInerney/wifijammer,2020-04-01,2020-04-01T06:12:23Z,0,Python,6,0
cloudflare/flan,https://github.com/cloudflare/flan,2020-04-02,2020-04-02T02:25:15Z,0,Python,0,1
mongodb/mongo-python-driver,https://github.com/mongodb/mongo-python-driver,2020-03-31,2020-03-31T11:42:22Z,4,Python,11,1
jinfagang/tensorflow_poems,https://github.com/jinfagang/tensorflow_poems,2020-04-01,2020-04-01T12:21:30Z,0,Python,3,0
gaojiuli/toapi,https://github.com/gaojiuli/toapi,2020-04-01,2020-04-01T09:51:15Z,0,Python,2,0
CharlesShang/FastMaskRCNN,https://github.com/CharlesShang/FastMaskRCNN,2020-03-31,2020-03-31T02:27:59Z,0,Python,3,1
kachayev/fn.py,https://github.com/kachayev/fn.py,2020-04-01,2020-04-01T22:02:29Z,0,Python,7,0
google/diff-match-patch,https://github.com/google/diff-match-patch,2020-04-02,2020-04-02T02:15:58Z,0,Python,2,1
eon01/kubernetes-workshop,https://github.com/eon01/kubernetes-workshop,2020-03-29,2020-03-29T17:17:43Z,0,Python,0,3
Kyubyong/transformer,https://github.com/Kyubyong/transformer,2020-04-01,2020-04-01T23:21:35Z,0,Python,2,0
kstenerud/iOS-Universal-Framework,https://github.com/kstenerud/iOS-Universal-Framework,2020-03-10,2020-03-10T05:43:17Z,0,Python,9,22
farizrahman4u/seq2seq,https://github.com/farizrahman4u/seq2seq,2020-03-30,2020-03-30T18:01:14Z,0,Python,4,2
coala/coala,https://github.com/coala/coala,2020-04-01,2020-04-01T17:16:16Z,17,Python,5,0
JuanPotato/Legofy,https://github.com/JuanPotato/Legofy,2020-04-01,2020-04-01T20:51:59Z,0,Python,4,0
brython-dev/brython,https://github.com/brython-dev/brython,2020-04-01,2020-04-01T17:21:15Z,47,Python,5,0
what-studio/profiling,https://github.com/what-studio/profiling,2020-04-01,2020-04-01T03:23:40Z,2,Python,5,0
NTMC-Community/MatchZoo,https://github.com/NTMC-Community/MatchZoo,2020-04-01,2020-04-01T07:26:49Z,2,Python,2,0
janeczku/calibre-web,https://github.com/janeczku/calibre-web,2020-04-02,2020-04-02T00:40:54Z,6,Python,4,1
deepmind/trfl,https://github.com/deepmind/trfl,2020-04-01,2020-04-01T09:31:02Z,0,Python,1,0
androguard/androguard,https://github.com/androguard/androguard,2020-04-01,2020-04-01T23:24:08Z,16,Python,5,0
Sentdex/pygta5,https://github.com/Sentdex/pygta5,2020-03-31,2020-03-31T04:40:49Z,0,Python,2,1
LiuXingMing/SinaSpider,https://github.com/LiuXingMing/SinaSpider,2020-04-01,2020-04-01T13:37:08Z,0,Python,4,0
Kr1s77/Python-crawler-tutorial-starts-from-zero,https://github.com/Kr1s77/Python-crawler-tutorial-starts-from-zero,2020-04-01,2020-04-01T16:23:12Z,0,Python,1,0
byt3bl33d3r/MITMf,https://github.com/byt3bl33d3r/MITMf,2020-03-31,2020-03-31T12:47:31Z,10,Python,5,1
carltongibson/django-filter,https://github.com/carltongibson/django-filter,2020-04-01,2020-04-01T04:10:29Z,18,Python,11,0
run-youngjoo/SC-FEGAN,https://github.com/run-youngjoo/SC-FEGAN,2020-03-31,2020-03-31T20:31:05Z,0,Python,1,1
idealo/imagededup,https://github.com/idealo/imagededup,2020-04-02,2020-04-02T00:20:52Z,4,Python,0,1
jaungiers/LSTM-Neural-Network-for-Time-Series-Prediction,https://github.com/jaungiers/LSTM-Neural-Network-for-Time-Series-Prediction,2020-04-01,2020-04-01T15:50:13Z,0,Python,3,0
ubuntu/microk8s,https://github.com/ubuntu/microk8s,2020-04-02,2020-04-02T02:35:48Z,2,Python,1,1
django-haystack/django-haystack,https://github.com/django-haystack/django-haystack,2020-04-01,2020-04-01T17:31:37Z,10,Python,11,0
billryan/algorithm-exercise,https://github.com/billryan/algorithm-exercise,2020-04-01,2020-04-01T06:50:46Z,13,Python,5,0
nficano/pytube,https://github.com/nficano/pytube,2020-04-02,2020-04-02T02:10:41Z,3,Python,8,1
anishathalye/dotbot,https://github.com/anishathalye/dotbot,2020-04-02,2020-04-02T00:59:11Z,0,Python,6,1
instantbox/instantbox,https://github.com/instantbox/instantbox,2020-04-01,2020-04-01T09:19:43Z,0,Python,1,0
yasoob/intermediatePython,https://github.com/yasoob/intermediatePython,2020-04-01,2020-04-01T15:21:54Z,0,Python,4,0
joestump/python-oauth2,https://github.com/joestump/python-oauth2,2020-03-30,2020-03-30T06:07:15Z,0,Python,10,2
jpadilla/django-rest-framework-jwt,https://github.com/jpadilla/django-rest-framework-jwt,2020-04-01,2020-04-01T13:27:14Z,16,Python,6,0
llSourcell/learn_math_fast,https://github.com/llSourcell/learn_math_fast,2020-03-31,2020-03-31T23:24:22Z,0,Python,1,1
Avik-Jain/100-Days-of-ML-Code-Chinese-Version,https://github.com/Avik-Jain/100-Days-of-ML-Code-Chinese-Version,2020-04-02,2020-04-02T02:31:42Z,0,Python,1,1
mooz/percol,https://github.com/mooz/percol,2020-04-01,2020-04-01T06:37:51Z,1,Python,9,0
bear/python-twitter,https://github.com/bear/python-twitter,2020-04-01,2020-04-01T15:57:43Z,12,Python,7,0
P0cL4bs/WiFi-Pumpkin,https://github.com/P0cL4bs/WiFi-Pumpkin,2020-04-01,2020-04-01T10:13:23Z,16,Python,4,0
rembo10/headphones,https://github.com/rembo10/headphones,2020-03-31,2020-03-31T11:06:37Z,22,Python,8,1
jrosebr1/imutils,https://github.com/jrosebr1/imutils,2020-04-02,2020-04-02T01:16:33Z,0,Python,5,1
theskumar/python-dotenv,https://github.com/theskumar/python-dotenv,2020-04-01,2020-04-01T16:56:22Z,0,Python,5,0
scrapinghub/splash,https://github.com/scrapinghub/splash,2020-04-01,2020-04-01T20:52:09Z,0,Python,6,0
imWildCat/scylla,https://github.com/imWildCat/scylla,2020-04-01,2020-04-01T16:15:57Z,7,Python,1,0
fivesheep/chnroutes,https://github.com/fivesheep/chnroutes,2020-03-31,2020-03-31T08:53:52Z,1,Python,7,1
miguelgrinberg/microblog,https://github.com/miguelgrinberg/microblog,2020-04-02,2020-04-02T02:02:10Z,0,Python,7,1
pytransitions/transitions,https://github.com/pytransitions/transitions,2020-04-01,2020-04-01T03:45:26Z,18,Python,5,0
coleifer/huey,https://github.com/coleifer/huey,2020-04-01,2020-04-01T06:02:39Z,38,Python,8,0
nryoung/algorithms,https://github.com/nryoung/algorithms,2020-03-31,2020-03-31T23:43:09Z,0,Python,7,1
bijection/sistine,https://github.com/bijection/sistine,2020-04-01,2020-04-01T21:10:40Z,0,Python,3,0
gaussic/text-classification-cnn-rnn,https://github.com/gaussic/text-classification-cnn-rnn,2020-04-01,2020-04-01T13:12:25Z,0,Python,2,0
pypa/pipfile,https://github.com/pypa/pipfile,2020-04-01,2020-04-01T13:31:28Z,0,Python,3,0
Instagram/MonkeyType,https://github.com/Instagram/MonkeyType,2020-04-01,2020-04-01T21:46:38Z,0,Python,2,0
docker-archive/docker-registry,https://github.com/docker-archive/docker-registry,2020-03-29,2020-03-29T03:28:12Z,0,Python,6,3
golemfactory/golem,https://github.com/golemfactory/golem,2020-03-31,2020-03-31T08:17:03Z,35,Python,4,1
AKSHAYUBHAT/DeepVideoAnalytics,https://github.com/AKSHAYUBHAT/DeepVideoAnalytics,2020-03-31,2020-03-31T15:27:17Z,1,Python,3,1
rtqichen/torchdiffeq,https://github.com/rtqichen/torchdiffeq,2020-04-01,2020-04-01T15:17:52Z,0,Python,1,0
freedomofpress/securedrop,https://github.com/freedomofpress/securedrop,2020-04-01,2020-04-01T20:47:20Z,19,Python,8,0
blaze/blaze,https://github.com/blaze/blaze,2020-04-01,2020-04-01T17:30:06Z,14,Python,7,0
plasma-disassembler/plasma,https://github.com/plasma-disassembler/plasma,2020-03-30,2020-03-30T06:26:19Z,0,Python,5,2
ownthink/KnowledgeGraphData,https://github.com/ownthink/KnowledgeGraphData,2020-04-01,2020-04-01T15:06:25Z,0,Python,0,0
ryankiros/neural-storyteller,https://github.com/ryankiros/neural-storyteller,2020-03-27,2020-03-27T05:28:32Z,0,Python,4,5
rasbt/mlxtend,https://github.com/rasbt/mlxtend,2020-04-01,2020-04-01T05:15:03Z,21,Python,5,0
gbeced/pyalgotrade,https://github.com/gbeced/pyalgotrade,2020-04-02,2020-04-02T00:50:50Z,0,Python,8,1
kemayo/sublime-text-git,https://github.com/kemayo/sublime-text-git,2020-04-01,2020-04-01T21:48:05Z,9,Python,8,0
elastic/elasticsearch-dsl-py,https://github.com/elastic/elasticsearch-dsl-py,2020-04-02,2020-04-02T00:30:21Z,0,Python,6,1
chrissimpkins/Crunch,https://github.com/chrissimpkins/Crunch,2020-04-01,2020-04-01T13:30:23Z,14,Python,3,0
thearn/webcam-pulse-detector,https://github.com/thearn/webcam-pulse-detector,2020-04-01,2020-04-01T18:18:02Z,0,Python,6,0
ActivityWatch/activitywatch,https://github.com/ActivityWatch/activitywatch,2020-04-01,2020-04-01T23:03:32Z,30,Python,3,0
easy-tensorflow/easy-tensorflow,https://github.com/easy-tensorflow/easy-tensorflow,2020-03-27,2020-03-27T20:07:45Z,1,Python,2,5
huyingxi/Synonyms,https://github.com/huyingxi/Synonyms,2020-04-02,2020-04-02T02:45:50Z,19,Python,2,1
lawlite19/MachineLearning_Python,https://github.com/lawlite19/MachineLearning_Python,2020-04-01,2020-04-01T14:54:39Z,0,Python,3,0
RocketMap/RocketMap,https://github.com/RocketMap/RocketMap,2020-03-30,2020-03-30T15:16:51Z,4,Python,3,2
taki0112/Tensorflow-Cookbook,https://github.com/taki0112/Tensorflow-Cookbook,2020-04-02,2020-04-02T00:54:00Z,0,Python,1,1
listen1/listen1,https://github.com/listen1/listen1,2020-04-02,2020-04-02T02:25:25Z,1,Python,3,1
Mckinsey666/bullet,https://github.com/Mckinsey666/bullet,2020-04-01,2020-04-01T00:06:06Z,0,Python,1,0
SublimeText-Markdown/MarkdownEditing,https://github.com/SublimeText-Markdown/MarkdownEditing,2020-03-31,2020-03-31T01:15:35Z,13,Python,7,1
RoganDawes/P4wnP1,https://github.com/RoganDawes/P4wnP1,2020-04-01,2020-04-01T09:29:20Z,1,Python,3,0
omab/python-social-auth,https://github.com/omab/python-social-auth,2020-04-01,2020-04-01T13:26:20Z,0,Python,7,0
r0oth3x49/udemy-dl,https://github.com/r0oth3x49/udemy-dl,2020-04-02,2020-04-02T01:57:19Z,3,Python,2,1
hephaest0s/usbkill,https://github.com/hephaest0s/usbkill,2020-03-31,2020-03-31T23:43:24Z,0,Python,5,1
eternnoir/pyTelegramBotAPI,https://github.com/eternnoir/pyTelegramBotAPI,2020-04-01,2020-04-01T23:31:41Z,26,Python,4,0
pyinvoke/invoke,https://github.com/pyinvoke/invoke,2020-04-02,2020-04-02T02:04:29Z,0,Python,8,1
ethereon/caffe-tensorflow,https://github.com/ethereon/caffe-tensorflow,2020-03-31,2020-03-31T09:21:17Z,0,Python,4,1
joshua-wu/deepfakes_faceswap,https://github.com/joshua-wu/deepfakes_faceswap,2020-04-01,2020-04-01T12:04:59Z,0,Python,2,0
caronc/apprise,https://github.com/caronc/apprise,2020-04-01,2020-04-01T21:01:41Z,18,Python,2,0
madhavanmalolan/awesome-reactnative-ui,https://github.com/madhavanmalolan/awesome-reactnative-ui,2020-04-02,2020-04-02T00:58:42Z,0,Python,1,1
pypa/sampleproject,https://github.com/pypa/sampleproject,2020-04-01,2020-04-01T17:27:14Z,0,Python,6,0
hugsy/gef,https://github.com/hugsy/gef,2020-04-01,2020-04-01T18:22:35Z,6,Python,5,0
eragonruan/text-detection-ctpn,https://github.com/eragonruan/text-detection-ctpn,2020-04-01,2020-04-01T19:13:35Z,1,Python,2,0
geopy/geopy,https://github.com/geopy/geopy,2020-04-02,2020-04-02T02:44:31Z,28,Python,10,1
qiwsir/algorithm,https://github.com/qiwsir/algorithm,2020-04-01,2020-04-01T15:50:50Z,0,Python,5,0
madmaze/pytesseract,https://github.com/madmaze/pytesseract,2020-04-01,2020-04-01T15:48:01Z,16,Python,9,0
noamraph/tqdm,https://github.com/noamraph/tqdm,2020-04-01,2020-04-01T15:51:50Z,0,Python,6,0
cloud-custodian/cloud-custodian,https://github.com/cloud-custodian/cloud-custodian,2020-04-02,2020-04-02T00:48:56Z,33,Python,4,1
graphql-python/graphene-django,https://github.com/graphql-python/graphene-django,2020-04-01,2020-04-01T00:39:03Z,21,Python,3,0
pybrain/pybrain,https://github.com/pybrain/pybrain,2020-04-01,2020-04-01T03:54:57Z,1,Python,10,0
jeanphix/Ghost.py,https://github.com/jeanphix/Ghost.py,2020-04-01,2020-04-01T05:42:37Z,0,Python,8,0
brennerm/PyTricks,https://github.com/brennerm/PyTricks,2020-03-31,2020-03-31T16:23:49Z,0,Python,5,1
healthchecks/healthchecks,https://github.com/healthchecks/healthchecks,2020-04-01,2020-04-01T18:36:57Z,19,Python,4,0
chineseocr/chineseocr,https://github.com/chineseocr/chineseocr,2020-04-01,2020-04-01T15:15:55Z,0,Python,1,0
Qiskit/qiskit-terra,https://github.com/Qiskit/qiskit-terra,2020-04-02,2020-04-02T01:20:08Z,51,Python,3,1
elastic/elasticsearch-py,https://github.com/elastic/elasticsearch-py,2020-04-01,2020-04-01T21:03:51Z,0,Python,6,0
rbgirshick/fast-rcnn,https://github.com/rbgirshick/fast-rcnn,2020-04-01,2020-04-01T20:59:21Z,0,Python,5,0
mherrmann/fbs,https://github.com/mherrmann/fbs,2020-04-01,2020-04-01T20:18:58Z,81,Python,2,0
IDSIA/sacred,https://github.com/IDSIA/sacred,2020-04-01,2020-04-01T09:56:18Z,9,Python,6,0
atlanhq/camelot,https://github.com/atlanhq/camelot,2020-04-01,2020-04-01T23:09:42Z,1,Python,3,0
Luolc/AdaBound,https://github.com/Luolc/AdaBound,2020-03-30,2020-03-30T03:28:08Z,1,Python,1,2
goodfeli/adversarial,https://github.com/goodfeli/adversarial,2020-03-29,2020-03-29T06:18:53Z,0,Python,5,3
shelhamer/fcn.berkeleyvision.org,https://github.com/shelhamer/fcn.berkeleyvision.org,2020-03-31,2020-03-31T23:11:49Z,0,Python,4,1
bndr/pipreqs,https://github.com/bndr/pipreqs,2020-04-02,2020-04-02T02:47:01Z,1,Python,4,1
Julian/jsonschema,https://github.com/Julian/jsonschema,2020-04-01,2020-04-01T21:30:49Z,0,Python,8,0
dpgaspar/Flask-AppBuilder,https://github.com/dpgaspar/Flask-AppBuilder,2020-04-02,2020-04-02T01:05:24Z,0,Python,6,1
Greenwolf/social_mapper,https://github.com/Greenwolf/social_mapper,2020-03-31,2020-03-31T15:53:05Z,0,Python,1,1
telepresenceio/telepresence,https://github.com/telepresenceio/telepresence,2020-04-01,2020-04-01T12:55:57Z,0,Python,3,0
cemoody/lda2vec,https://github.com/cemoody/lda2vec,2020-04-01,2020-04-01T14:39:37Z,0,Python,4,0
quark0/darts,https://github.com/quark0/darts,2020-04-01,2020-04-01T07:06:48Z,0,Python,1,0
timothycrosley/isort,https://github.com/timothycrosley/isort,2020-04-01,2020-04-01T17:12:52Z,55,Python,6,0
phodal/awesome-iot,https://github.com/phodal/awesome-iot,2020-04-01,2020-04-01T19:16:04Z,0,Python,4,0
Wookai/paper-tips-and-tricks,https://github.com/Wookai/paper-tips-and-tricks,2020-04-01,2020-04-01T03:12:38Z,0,Python,4,0
kuangliu/pytorch-cifar,https://github.com/kuangliu/pytorch-cifar,2020-04-01,2020-04-01T22:04:33Z,0,Python,3,0
tmux-python/tmuxp,https://github.com/tmux-python/tmuxp,2020-04-01,2020-04-01T21:25:50Z,66,Python,6,0
sloria/doitlive,https://github.com/sloria/doitlive,2020-04-01,2020-04-01T01:13:46Z,0,Python,5,0
evhub/coconut,https://github.com/evhub/coconut,2020-04-02,2020-04-02T01:54:42Z,29,Python,5,1
lisa-lab/pylearn2,https://github.com/lisa-lab/pylearn2,2020-03-27,2020-03-27T16:07:56Z,0,Python,9,5
0xInfection/Awesome-WAF,https://github.com/0xInfection/Awesome-WAF,2020-04-01,2020-04-01T13:36:06Z,0,Python,1,0
nl8590687/ASRT_SpeechRecognition,https://github.com/nl8590687/ASRT_SpeechRecognition,2020-04-01,2020-04-01T11:29:58Z,7,Python,3,0
OUCMachineLearning/OUCML,https://github.com/OUCMachineLearning/OUCML,2020-04-02,2020-04-02T02:26:18Z,0,Python,1,1
getsentry/responses,https://github.com/getsentry/responses,2020-04-01,2020-04-01T13:27:03Z,15,Python,6,0
PyCQA/pylint,https://github.com/PyCQA/pylint,2020-04-01,2020-04-01T17:54:31Z,0,Python,4,0
mingrammer/diagrams,https://github.com/mingrammer/diagrams,2020-04-02,2020-04-02T01:03:02Z,17,Python,0,1
ymcui/Chinese-BERT-wwm,https://github.com/ymcui/Chinese-BERT-wwm,2020-04-02,2020-04-02T02:08:50Z,0,Python,0,1
dabeaz/python-cookbook,https://github.com/dabeaz/python-cookbook,2020-04-01,2020-04-01T15:33:48Z,0,Python,6,0
the0demiurge/ShadowSocksShare,https://github.com/the0demiurge/ShadowSocksShare,2020-04-01,2020-04-01T15:14:51Z,5,Python,2,0
xmendez/wfuzz,https://github.com/xmendez/wfuzz,2020-04-01,2020-04-01T13:28:08Z,24,Python,5,0
roytseng-tw/Detectron.pytorch,https://github.com/roytseng-tw/Detectron.pytorch,2020-03-30,2020-03-30T07:50:13Z,0,Python,2,2
LuminosoInsight/python-ftfy,https://github.com/LuminosoInsight/python-ftfy,2020-03-31,2020-03-31T22:36:47Z,1,Python,7,1
geex-arts/django-jet,https://github.com/geex-arts/django-jet,2020-04-01,2020-04-01T15:08:03Z,23,Python,4,0
Conchylicultor/DeepQA,https://github.com/Conchylicultor/DeepQA,2020-03-31,2020-03-31T09:30:03Z,0,Python,3,1
pytorch/ignite,https://github.com/pytorch/ignite,2020-04-01,2020-04-01T17:28:42Z,6,Python,2,0
lk-geimfari/mimesis,https://github.com/lk-geimfari/mimesis,2020-04-01,2020-04-01T13:35:57Z,27,Python,3,0
dbolya/yolact,https://github.com/dbolya/yolact,2020-04-02,2020-04-02T02:19:22Z,0,Python,1,1
pwndbg/pwndbg,https://github.com/pwndbg/pwndbg,2020-04-01,2020-04-01T22:11:22Z,6,Python,5,0
liangliangyy/DjangoBlog,https://github.com/liangliangyy/DjangoBlog,2020-04-02,2020-04-02T02:49:10Z,13,Python,3,1
DistrictDataLabs/yellowbrick,https://github.com/DistrictDataLabs/yellowbrick,2020-04-01,2020-04-01T22:37:58Z,18,Python,3,0
ansible-community/molecule,https://github.com/ansible-community/molecule,2020-04-01,2020-04-01T09:55:50Z,16,Python,4,0
baowenbo/DAIN,https://github.com/baowenbo/DAIN,2020-04-02,2020-04-02T00:31:26Z,0,Python,1,1
pytoolz/toolz,https://github.com/pytoolz/toolz,2020-04-01,2020-04-01T12:04:47Z,0,Python,6,0
gitpython-developers/GitPython,https://github.com/gitpython-developers/GitPython,2020-04-01,2020-04-01T03:37:30Z,1,Python,9,0
ecthros/uncaptcha,https://github.com/ecthros/uncaptcha,2020-03-31,2020-03-31T23:24:29Z,0,Python,2,1
ysrc/xunfeng,https://github.com/ysrc/xunfeng,2020-04-02,2020-04-02T02:08:43Z,1,Python,3,1
Nuitka/Nuitka,https://github.com/Nuitka/Nuitka,2020-03-31,2020-03-31T11:44:38Z,0,Python,6,1
ayooshkathuria/pytorch-yolo-v3,https://github.com/ayooshkathuria/pytorch-yolo-v3,2020-04-01,2020-04-01T19:47:29Z,0,Python,1,0
geerlingguy/ansible-for-devops,https://github.com/geerlingguy/ansible-for-devops,2020-04-01,2020-04-01T21:18:38Z,0,Python,5,0
doccano/doccano,https://github.com/doccano/doccano,2020-04-01,2020-04-01T20:45:03Z,4,Python,1,0
facebookarchive/python-instagram,https://github.com/facebookarchive/python-instagram,2020-03-31,2020-03-31T19:04:14Z,0,Python,9,1
datawire/ambassador,https://github.com/datawire/ambassador,2020-04-02,2020-04-02T02:35:50Z,60,Python,3,1
zzw922cn/Automatic_Speech_Recognition,https://github.com/zzw922cn/Automatic_Speech_Recognition,2020-04-01,2020-04-01T07:03:53Z,0,Python,3,0
saulpw/visidata,https://github.com/saulpw/visidata,2020-04-01,2020-04-01T17:58:46Z,20,Python,3,0
tensorforce/tensorforce,https://github.com/tensorforce/tensorforce,2020-04-01,2020-04-01T22:47:23Z,7,Python,3,0
Tencent/tencent-ml-images,https://github.com/Tencent/tencent-ml-images,2020-04-01,2020-04-01T09:18:12Z,0,Python,1,0
OpenDroneMap/ODM,https://github.com/OpenDroneMap/ODM,2020-04-02,2020-04-02T01:09:17Z,13,Python,5,1
soumith/convnet-benchmarks,https://github.com/soumith/convnet-benchmarks,2020-03-31,2020-03-31T13:18:48Z,0,Python,5,1
kylemcdonald/FreeWifi,https://github.com/kylemcdonald/FreeWifi,2020-04-01,2020-04-01T13:17:34Z,0,Python,3,0
CCOSTAN/Home-AssistantConfig,https://github.com/CCOSTAN/Home-AssistantConfig,2020-04-02,2020-04-02T01:09:28Z,0,Python,3,1
samuelcolvin/pydantic,https://github.com/samuelcolvin/pydantic,2020-04-01,2020-04-01T22:03:33Z,68,Python,2,0
martinarjovsky/WassersteinGAN,https://github.com/martinarjovsky/WassersteinGAN,2020-04-01,2020-04-01T18:03:39Z,0,Python,3,0
asciimoo/drawille,https://github.com/asciimoo/drawille,2020-04-01,2020-04-01T18:59:59Z,0,Python,5,0
weskerfoot/DeleteFB,https://github.com/weskerfoot/DeleteFB,2020-04-01,2020-04-01T23:35:19Z,9,Python,1,0
agermanidis/autosub,https://github.com/agermanidis/autosub,2020-04-01,2020-04-01T16:38:36Z,0,Python,4,0
facebookresearch/pytorch3d,https://github.com/facebookresearch/pytorch3d,2020-04-01,2020-04-01T18:45:24Z,2,Python,0,0
elastic/curator,https://github.com/elastic/curator,2020-04-01,2020-04-01T06:52:23Z,98,Python,6,0
anishathalye/git-remote-dropbox,https://github.com/anishathalye/git-remote-dropbox,2020-04-01,2020-04-01T16:07:44Z,0,Python,4,0
googlemaps/google-maps-services-python,https://github.com/googlemaps/google-maps-services-python,2020-03-30,2020-03-30T15:51:00Z,8,Python,5,2
openstack/nova,https://github.com/openstack/nova,2020-04-02,2020-04-02T01:24:09Z,0,Python,9,1
formspree/formspree,https://github.com/formspree/formspree,2020-03-31,2020-03-31T14:14:28Z,0,Python,5,1
pritunl/pritunl,https://github.com/pritunl/pritunl,2020-04-01,2020-04-01T17:50:56Z,440,Python,6,0
ab77/netflix-proxy,https://github.com/ab77/netflix-proxy,2020-04-01,2020-04-01T14:56:38Z,2,Python,5,0
google/gif-for-cli,https://github.com/google/gif-for-cli,2020-03-31,2020-03-31T12:43:09Z,0,Python,1,1
aaugustin/websockets,https://github.com/aaugustin/websockets,2020-04-02,2020-04-02T02:38:42Z,0,Python,7,1
mesonbuild/meson,https://github.com/mesonbuild/meson,2020-04-01,2020-04-01T19:34:21Z,62,Python,5,0
0rpc/zerorpc-python,https://github.com/0rpc/zerorpc-python,2020-04-01,2020-04-01T16:36:30Z,0,Python,8,0
meetshah1995/pytorch-semseg,https://github.com/meetshah1995/pytorch-semseg,2020-04-01,2020-04-01T09:52:03Z,1,Python,3,0
slackapi/python-slackclient,https://github.com/slackapi/python-slackclient,2020-04-01,2020-04-01T15:08:50Z,26,Python,5,0
freqtrade/freqtrade,https://github.com/freqtrade/freqtrade,2020-04-02,2020-04-02T02:25:47Z,27,Python,2,1
sherjilozair/char-rnn-tensorflow,https://github.com/sherjilozair/char-rnn-tensorflow,2020-03-29,2020-03-29T04:37:47Z,0,Python,4,3
vyperlang/vyper,https://github.com/vyperlang/vyper,2020-04-01,2020-04-01T13:31:25Z,0,Python,3,0
rootphantomer/Blasting_dictionary,https://github.com/rootphantomer/Blasting_dictionary,2020-04-01,2020-04-01T13:49:57Z,0,Python,4,0
ckan/ckan,https://github.com/ckan/ckan,2020-04-01,2020-04-01T22:07:01Z,0,Python,8,0
django-guardian/django-guardian,https://github.com/django-guardian/django-guardian,2020-04-01,2020-04-01T13:25:11Z,0,Python,9,0
douban/dpark,https://github.com/douban/dpark,2020-03-27,2020-03-27T15:31:29Z,4,Python,7,5
cysmith/neural-style-tf,https://github.com/cysmith/neural-style-tf,2020-04-01,2020-04-01T19:40:42Z,0,Python,3,0
LionSec/katoolin,https://github.com/LionSec/katoolin,2020-04-01,2020-04-01T12:25:11Z,0,Python,4,0
CTFd/CTFd,https://github.com/CTFd/CTFd,2020-04-01,2020-04-01T18:39:42Z,31,Python,5,0
